--Insert statements for database testing
--David Beverley, Adam Collier, Zach Hall, and Daniel Bishop

--Customer inserts
INSERT INTO customers (customer_id,first_name,last_name,company_name,street,zip,state,country,city,unit_number) VALUES (1,'Zachery','Hunter','Proin Sed Corp.','7374 Ullamcorper. St.','3633','RM','Romania','Colina',1783);
INSERT INTO customers (customer_id,first_name,last_name,company_name,street,zip,state,country,city,unit_number) VALUES (2,'Vielka','Dejesus','Purus Corp.','P.O. Box 599, 8447 Mus. Rd.','8168','Pennsylvania','Ecuador','Allentown',1985);
INSERT INTO customers (customer_id,first_name,last_name,company_name,street,zip,state,country,city,unit_number) VALUES (3,'Sebastian','Frazier','Donec Porttitor LLC','P.O. Box 153, 4016 Nulla. Rd.','29186','Sl?skie','Jersey','Cz?stochowa',1910);
INSERT INTO customers (customer_id,first_name,last_name,company_name,street,zip,state,country,city,unit_number) VALUES (4,'Dane','Adkins','Tellus Non Magna PC','4499 Nisi. Avenue','189545','Henegouwen','Namibia','Courcelles',247);
INSERT INTO customers (customer_id,first_name,last_name,company_name,street,zip,state,country,city,unit_number) VALUES (5,'Lesley','Yang','Malesuada Malesuada Integer Industries','P.O. Box 416, 8305 Quis St.','89695','BE','Rwanda','Berlin',2072);
INSERT INTO customers (customer_id,first_name,last_name,company_name,street,zip,state,country,city,unit_number) VALUES (6,'Hanae','Frank','Magnis Limited','P.O. Box 329, 4417 Dapibus Ave','2375','Namen','Libya','Beuzet',3054);
INSERT INTO customers (customer_id,first_name,last_name,company_name,street,zip,state,country,city,unit_number) VALUES (7,'Dean','Watkins','Lorem Inc.','169-5798 Dui. Street','3181','Victoria','Chad','Geelong',1894);
INSERT INTO customers (customer_id,first_name,last_name,company_name,street,zip,state,country,city,unit_number) VALUES (8,'Martina','Berger','Mollis Integer Tincidunt Ltd','Ap #427-6703 Auctor. St.','15534','C','Heard Island and Mcdonald Islands','Galway',1328);
INSERT INTO customers (customer_id,first_name,last_name,company_name,street,zip,state,country,city,unit_number) VALUES (9,'Camden','Fields','Porttitor Interdum Limited','9199 Pede, Avenue','504112','Mersin','Guyana','Mersin',130);
INSERT INTO customers (customer_id,first_name,last_name,company_name,street,zip,state,country,city,unit_number) VALUES (10,'Gray','Gross','Sagittis Ltd','5881 Diam Avenue','43052','Alsace','Dominican Republic','Schiltigheim',1084);
INSERT INTO customers (customer_id,first_name,last_name,company_name,street,zip,state,country,city,unit_number) VALUES (11,'Gretchen','Eaton','Morbi Accumsan Laoreet Limited','Ap #436-6527 Ultricies Rd.','88892','Leinster','Cambodia','Dublin',1426);
INSERT INTO customers (customer_id,first_name,last_name,company_name,street,zip,state,country,city,unit_number) VALUES (12,'Macy','Garrison','Tristique Aliquet PC','Ap #919-4372 Aenean St.','69734','Ontario','Niger','Northumberland',1934);
INSERT INTO customers (customer_id,first_name,last_name,company_name,street,zip,state,country,city,unit_number) VALUES (13,'Ariana','Osborn','Sit Inc.','Ap #820-2406 Magna. Ave','3940','SAR','Mozambique','Tula',877);
INSERT INTO customers (customer_id,first_name,last_name,company_name,street,zip,state,country,city,unit_number) VALUES (14,'Lila','Nichols','Eget Odio Corp.','P.O. Box 742, 2957 Porttitor Rd.','711119','SP','South Africa','Mauá',1149);
INSERT INTO customers (customer_id,first_name,last_name,company_name,street,zip,state,country,city,unit_number) VALUES (15,'Stephen','Lee','Eu Tellus Company','893 Pulvinar St.','11912','SH','Greenland','Baltasound',1129);
INSERT INTO customers (customer_id,first_name,last_name,company_name,street,zip,state,country,city,unit_number) VALUES (16,'Aurora','Ray','Sociis Natoque Penatibus Corp.','Ap #191-2104 Magna. Street','28931-338','Limburg','France','Maasmechelen',1843);
INSERT INTO customers (customer_id,first_name,last_name,company_name,street,zip,state,country,city,unit_number) VALUES (17,'Kevin','Hahn','Semper Et Corporation','6573 Turpis Rd.','51908','PA','Sint Maarten','Ananindeua',2383);
INSERT INTO customers (customer_id,first_name,last_name,company_name,street,zip,state,country,city,unit_number) VALUES (18,'Raja','Hayes','Iaculis Lacus Pede LLC','972-2890 Sem Rd.','WX1 6TE','OH','Guernsey','Cincinnati',2152);
INSERT INTO customers (customer_id,first_name,last_name,company_name,street,zip,state,country,city,unit_number) VALUES (19,'Patricia','Baxter','Enim Institute','214-9779 Purus Avenue','11310','Tamil Nadu','Bouvet Island','Tiruvannamalai',125);
INSERT INTO customers (customer_id,first_name,last_name,company_name,street,zip,state,country,city,unit_number) VALUES (20,'Castor','Ayala','Morbi Sit Amet Institute','P.O. Box 275, 8468 Et Avenue','49269','Los Lagos','Dominica','Frutillar',2832);
INSERT INTO customers (customer_id,first_name,last_name,company_name,street,zip,state,country,city,unit_number) VALUES (21,'Cassady','Schroeder','Tincidunt Company','379-9965 Turpis Rd.','3863','Berlin','Nicaragua','Berlin',2839);
INSERT INTO customers (customer_id,first_name,last_name,company_name,street,zip,state,country,city,unit_number) VALUES (22,'Wing','Watson','Sagittis Placerat Cras PC','355-5728 Mauris. Rd.','H6H 6S6','Vlaams-Brabant','Andorra','Diegem',713);
INSERT INTO customers (customer_id,first_name,last_name,company_name,street,zip,state,country,city,unit_number) VALUES (23,'Graiden','Swanson','Ante Ltd','228-7202 Tellus Rd.','29448','Namen','Benin','Marche-les-Dames',3522);
INSERT INTO customers (customer_id,first_name,last_name,company_name,street,zip,state,country,city,unit_number) VALUES (24,'Kalia','Diaz','Vestibulum Ut Eros Incorporated','278-7641 Consectetuer St.','06158','Istanbul','Malta','Istanbul',1494);
INSERT INTO customers (customer_id,first_name,last_name,company_name,street,zip,state,country,city,unit_number) VALUES (25,'Jeremy','Peters','Ac Mattis Industries','3341 Gravida Ave','P8Z 6VG','AK','American Samoa','College',3654);
INSERT INTO customers (customer_id,first_name,last_name,company_name,street,zip,state,country,city,unit_number) VALUES (26,'Unity','Burris','Nec Urna Company','972-3358 Neque St.','30450','Gävleborgs län','Jordan','Hofors',257);
INSERT INTO customers (customer_id,first_name,last_name,company_name,street,zip,state,country,city,unit_number) VALUES (27,'Caleb','Lynch','Massa Mauris Vestibulum Incorporated','116-8552 Tempor Ave','N9 2QV','AP','Paraguay','Tenali',1061);
INSERT INTO customers (customer_id,first_name,last_name,company_name,street,zip,state,country,city,unit_number) VALUES (28,'Myles','Dalton','Lacus Quisque Imperdiet Foundation','P.O. Box 653, 645 Nunc, St.','97861-769','Gelderland','Tunisia','Winterswijk',1590);
INSERT INTO customers (customer_id,first_name,last_name,company_name,street,zip,state,country,city,unit_number) VALUES (29,'Arthur','Mcmahon','Quis Urna Nunc Limited','320-1503 Nec St.','24682-230','BE','Hong Kong','Berlin',2054);
INSERT INTO customers (customer_id,first_name,last_name,company_name,street,zip,state,country,city,unit_number) VALUES (30,'Gareth','Rocha','Ut PC','969-4433 Malesuada St.','58199','V','Mauritius','Casablanca',2849);
INSERT INTO customers (customer_id,first_name,last_name,company_name,street,zip,state,country,city,unit_number) VALUES (31,'Lydia','Grant','Volutpat Nunc LLC','965-6210 Dolor Av.','34041','MI','Bahamas','Albi',3160);
INSERT INTO customers (customer_id,first_name,last_name,company_name,street,zip,state,country,city,unit_number) VALUES (32,'Xandra','Deleon','Aliquam Eros LLP','P.O. Box 581, 9917 Vivamus Street','3059','North Island','Romania','Taupo',149);
INSERT INTO customers (customer_id,first_name,last_name,company_name,street,zip,state,country,city,unit_number) VALUES (33,'Zachery','Rosa','Auctor LLC','251-1113 Interdum St.','014160','Vienna','Antarctica','Vienna',1716);
INSERT INTO customers (customer_id,first_name,last_name,company_name,street,zip,state,country,city,unit_number) VALUES (34,'Jonah','Chandler','Diam Sed Diam Industries','947-5344 Magna. St.','978598','Sicilia','Yemen','Roccamena',3548);
INSERT INTO customers (customer_id,first_name,last_name,company_name,street,zip,state,country,city,unit_number) VALUES (35,'Jenna','Daugherty','Mollis Lectus Company','P.O. Box 912, 418 Pede St.','8725 TC','WY','Brunei','Gillette',2933);
INSERT INTO customers (customer_id,first_name,last_name,company_name,street,zip,state,country,city,unit_number) VALUES (36,'Phelan','Sloan','Elit LLP','4795 Risus. Rd.','94803-390','CA','Tajikistan','Tarragona',220);
INSERT INTO customers (customer_id,first_name,last_name,company_name,street,zip,state,country,city,unit_number) VALUES (37,'Melinda','Montgomery','Duis Institute','P.O. Box 843, 3398 In, St.','44288','Metropolitana de Santiago','Singapore','Lo Barnechea',2442);
INSERT INTO customers (customer_id,first_name,last_name,company_name,street,zip,state,country,city,unit_number) VALUES (38,'Nevada','Schultz','Primis Company','P.O. Box 687, 7252 Egestas Road','039961','Ist','Burkina Faso','Istanbul',3885);
INSERT INTO customers (customer_id,first_name,last_name,company_name,street,zip,state,country,city,unit_number) VALUES (39,'Erich','Mccormick','Sed Hendrerit A Corporation','574-3505 Aliquet Road','2290','Missouri','Zimbabwe','Columbia',2849);
INSERT INTO customers (customer_id,first_name,last_name,company_name,street,zip,state,country,city,unit_number) VALUES (40,'Bianca','Padilla','Pede Ac Urna Associates','Ap #802-4909 Blandit Av.','53344','NI','Virgin Islands, United States','Thames',673);
INSERT INTO customers (customer_id,first_name,last_name,company_name,street,zip,state,country,city,unit_number) VALUES (41,'Harper','Vargas','Dui Fusce Institute','Ap #387-5152 Ut Rd.','422150','New South Wales','Dominica','Bathurst',1279);
INSERT INTO customers (customer_id,first_name,last_name,company_name,street,zip,state,country,city,unit_number) VALUES (42,'Danielle','Little','Neque Foundation','1022 Egestas. Avenue','187585','RM','United Arab Emirates','Conchalí',471);
INSERT INTO customers (customer_id,first_name,last_name,company_name,street,zip,state,country,city,unit_number) VALUES (43,'Stuart','Bright','Tellus Industries','P.O. Box 161, 7845 Lacus, Av.','5858 ZI','Berwickshire','Bosnia and Herzegovina','Eyemouth',2020);
INSERT INTO customers (customer_id,first_name,last_name,company_name,street,zip,state,country,city,unit_number) VALUES (44,'Macon','Cohen','Aliquet Magna A PC','384 Morbi Street','9208','N.','Saint Martin','Edam',2004);
INSERT INTO customers (customer_id,first_name,last_name,company_name,street,zip,state,country,city,unit_number) VALUES (45,'Rhona','Gonzales','Nisl Maecenas Malesuada Consulting','963 Posuere Ave','592875','CE','United States','Itapipoca',3700);
INSERT INTO customers (customer_id,first_name,last_name,company_name,street,zip,state,country,city,unit_number) VALUES (46,'Jenna','Ballard','Mi Corp.','6148 Ac Rd.','X3M 6N5','SR','Cape Verde','Guildford',1938);
INSERT INTO customers (customer_id,first_name,last_name,company_name,street,zip,state,country,city,unit_number) VALUES (47,'Mona','Meyer','Vivamus Nibh Dolor Limited','P.O. Box 414, 3723 In Street','23190','OG','Oman','Ijebu Ode',3241);
INSERT INTO customers (customer_id,first_name,last_name,company_name,street,zip,state,country,city,unit_number) VALUES (48,'Travis','Fischer','Quam Foundation','Ap #281-4205 Sem. Rd.','9464','MT','Belarus','Bozeman',1763);
INSERT INTO customers (customer_id,first_name,last_name,company_name,street,zip,state,country,city,unit_number) VALUES (49,'Timon','Koch','Morbi LLP','6750 Mollis Rd.','142567','Marche','Antigua and Barbuda','Maltignano',2573);
INSERT INTO customers (customer_id,first_name,last_name,company_name,street,zip,state,country,city,unit_number) VALUES (50,'Kasper','Gill','Vel Nisl Quisque LLP','4185 Cras Street','49833','Minnesota','Brunei','Rochester',1791);
INSERT INTO customers (customer_id,first_name,last_name,company_name,street,zip,state,country,city,unit_number) VALUES (51,'Bryar','Benson','Volutpat Nunc Associates','4024 Tristique Street','5464','RM','Tokelau','Lo Espejo',701);
INSERT INTO customers (customer_id,first_name,last_name,company_name,street,zip,state,country,city,unit_number) VALUES (52,'Zahir','Macdonald','Ac Urna Limited','3287 Vel St.','65592','Haryana','Togo','Sonipat',1402);
INSERT INTO customers (customer_id,first_name,last_name,company_name,street,zip,state,country,city,unit_number) VALUES (53,'Branden','Stanton','Odio Nam Corporation','917-9322 Elit Rd.','47130-880','DE','Bangladesh','Pike Creek',63);
INSERT INTO customers (customer_id,first_name,last_name,company_name,street,zip,state,country,city,unit_number) VALUES (54,'Cora','Sampson','Quis Pede Suspendisse LLC','Ap #776-5876 Posuere Ave','PK5 7WM','AL','Cameroon','Huntsville',3848);
INSERT INTO customers (customer_id,first_name,last_name,company_name,street,zip,state,country,city,unit_number) VALUES (55,'Illana','Bentley','Enim Curabitur Ltd','P.O. Box 675, 7317 Donec Ave','97802','NI','Albania','North Shore',3071);
INSERT INTO customers (customer_id,first_name,last_name,company_name,street,zip,state,country,city,unit_number) VALUES (56,'Basil','Pickett','Ipsum Company','234-4510 Sit Road','70819','BA','Saint Helena, Ascension and Tristan da Cunha','Itabuna',1116);
INSERT INTO customers (customer_id,first_name,last_name,company_name,street,zip,state,country,city,unit_number) VALUES (57,'Kennan','Riddle','Aliquam Eros Inc.','1018 Sodales St.','168720','North Island','Azerbaijan','Thames',1321);
INSERT INTO customers (customer_id,first_name,last_name,company_name,street,zip,state,country,city,unit_number) VALUES (58,'Guy','Tanner','Ut Company','Ap #439-3566 In Road','423711','CE','Grenada','Orléans',3250);
INSERT INTO customers (customer_id,first_name,last_name,company_name,street,zip,state,country,city,unit_number) VALUES (59,'Chava','Strickland','Mauris Industries','P.O. Box 318, 5400 Ac Ave','34084443','Minas Gerais','Finland','Ipatinga',2745);
INSERT INTO customers (customer_id,first_name,last_name,company_name,street,zip,state,country,city,unit_number) VALUES (60,'Ella','Gill','Cursus Nunc Mauris Institute','Ap #961-5915 Nisi. St.','8709','North Island','Norfolk Island','Feilding',1398);
INSERT INTO customers (customer_id,first_name,last_name,company_name,street,zip,state,country,city,unit_number) VALUES (61,'Marcia','Trevino','Aenean Egestas Industries','682-9169 Eget Street','38851-891','Stockholms län','Maldives','Tumba',1817);
INSERT INTO customers (customer_id,first_name,last_name,company_name,street,zip,state,country,city,unit_number) VALUES (62,'Phyllis','Lindsay','Nec Quam Curabitur Company','909-7707 Rhoncus. Av.','40914','West-Vlaanderen','Taiwan','Leffinge',3842);
INSERT INTO customers (customer_id,first_name,last_name,company_name,street,zip,state,country,city,unit_number) VALUES (63,'Lilah','Beard','Aliquet Odio Etiam Corporation','6949 Nec Avenue','02907-619','Valparaíso','Myanmar','Calera',2757);
INSERT INTO customers (customer_id,first_name,last_name,company_name,street,zip,state,country,city,unit_number) VALUES (64,'Dora','Neal','Ut Company','P.O. Box 233, 1623 Non St.','F18 6HM','Bur','Hong Kong','Orhangazi',433);
INSERT INTO customers (customer_id,first_name,last_name,company_name,street,zip,state,country,city,unit_number) VALUES (65,'Iris','Roberts','Suscipit Nonummy Fusce LLP','Ap #634-4720 Sit Av.','83-182','San José','Venezuela','Desamparados',963);
INSERT INTO customers (customer_id,first_name,last_name,company_name,street,zip,state,country,city,unit_number) VALUES (66,'Hayes','Mccarty','Feugiat Sed Nec Inc.','8713 Cras St.','80-762','O','Martinique','Borås',1049);
INSERT INTO customers (customer_id,first_name,last_name,company_name,street,zip,state,country,city,unit_number) VALUES (67,'Larissa','Cross','Ac Tellus Suspendisse Incorporated','P.O. Box 239, 5362 Ut Rd.','742708','Pays de la Loire','Saint Pierre and Miquelon','Nantes',2496);
INSERT INTO customers (customer_id,first_name,last_name,company_name,street,zip,state,country,city,unit_number) VALUES (68,'Keegan','Stout','Nec Mollis Industries','861 Magna Av.','C14 8RB','Diy','Israel','Silvan',3442);
INSERT INTO customers (customer_id,first_name,last_name,company_name,street,zip,state,country,city,unit_number) VALUES (69,'Jolene','Berger','Blandit Incorporated','P.O. Box 122, 2336 Erat St.','27315','MG','Bahamas','Ribeirão das Neves',3377);
INSERT INTO customers (customer_id,first_name,last_name,company_name,street,zip,state,country,city,unit_number) VALUES (70,'Cassady','Mccullough','Nam Company','428-7158 Risus, St.','829181','Kogi','Falkland Islands','Okene',372);
INSERT INTO customers (customer_id,first_name,last_name,company_name,street,zip,state,country,city,unit_number) VALUES (71,'Christopher','Beasley','Cursus Nunc Mauris Industries','Ap #472-6145 Elit, St.','13424','Quebec','United States Minor Outlying Islands','Pointe-aux-Trembles',605);
INSERT INTO customers (customer_id,first_name,last_name,company_name,street,zip,state,country,city,unit_number) VALUES (72,'Shoshana','Valdez','Non Ante Consulting','674 Pede. Avenue','40576','WA','Indonesia','Seattle',1225);
INSERT INTO customers (customer_id,first_name,last_name,company_name,street,zip,state,country,city,unit_number) VALUES (73,'Xaviera','Mooney','Aliquam Adipiscing Lobortis Corporation','P.O. Box 998, 3460 Ridiculus Rd.','2610','Andhra Pradesh','Italy','Kakinada',1886);
INSERT INTO customers (customer_id,first_name,last_name,company_name,street,zip,state,country,city,unit_number) VALUES (74,'Laurel','Terry','Purus LLP','P.O. Box 567, 758 Integer Ave','859633','Midi-Pyrénées','Sri Lanka','Tournefeuille',896);
INSERT INTO customers (customer_id,first_name,last_name,company_name,street,zip,state,country,city,unit_number) VALUES (75,'Hope','Roberson','Lacus Varius Et Inc.','Ap #324-1533 Et, Avenue','93925','QC','Thailand','Amqui',3950);
INSERT INTO customers (customer_id,first_name,last_name,company_name,street,zip,state,country,city,unit_number) VALUES (76,'Tyrone','Christian','Metus Sit Incorporated','7273 Libero St.','102041','SO','Bahamas','Sokoto',2555);
INSERT INTO customers (customer_id,first_name,last_name,company_name,street,zip,state,country,city,unit_number) VALUES (77,'Ebony','Mcleod','Non Quam Pellentesque Consulting','449-2600 Iaculis Avenue','6716 WG','QLD','Tanzania','Mount Isa',2073);
INSERT INTO customers (customer_id,first_name,last_name,company_name,street,zip,state,country,city,unit_number) VALUES (78,'Steven','Ingram','Sed Orci Limited','Ap #633-5304 Libero. Rd.','35747','SP','Nicaragua','Carapicuíba',70);
INSERT INTO customers (customer_id,first_name,last_name,company_name,street,zip,state,country,city,unit_number) VALUES (79,'Odysseus','Beck','Id PC','144-2744 Turpis Rd.','149752','Calabria','Monaco','Fiumara',1865);
INSERT INTO customers (customer_id,first_name,last_name,company_name,street,zip,state,country,city,unit_number) VALUES (80,'Scarlett','Conley','Sed Pede Cum Corporation','P.O. Box 995, 4082 Consequat Rd.','70854','Berlin','Samoa','Berlin',3492);
INSERT INTO customers (customer_id,first_name,last_name,company_name,street,zip,state,country,city,unit_number) VALUES (81,'Howard','Obrien','At Pretium Consulting','P.O. Box 657, 6227 Et Rd.','827334','Los Lagos','Syria','Curaco de Vélez',10);
INSERT INTO customers (customer_id,first_name,last_name,company_name,street,zip,state,country,city,unit_number) VALUES (82,'Alden','Tate','Eu Dolor Egestas Company','503-1844 Tortor Ave','4710','Jönköpings län','Venezuela','Värnamo',2750);
INSERT INTO customers (customer_id,first_name,last_name,company_name,street,zip,state,country,city,unit_number) VALUES (83,'Hilel','Chandler','Quisque Consulting','9737 Et Ave','31472','North Island','Madagascar','Dannevirke',2923);
INSERT INTO customers (customer_id,first_name,last_name,company_name,street,zip,state,country,city,unit_number) VALUES (84,'Jasmine','Sheppard','Fringilla Corporation','857-9304 Vitae Ave','524476','Vlaams-Brabant','Burkina Faso','Lot',3194);
INSERT INTO customers (customer_id,first_name,last_name,company_name,street,zip,state,country,city,unit_number) VALUES (85,'Colorado','Kramer','Tempor LLC','P.O. Box 741, 4586 Egestas. Ave','R5W 0T8','Gaziantep','Moldova','Nizip',3744);
INSERT INTO customers (customer_id,first_name,last_name,company_name,street,zip,state,country,city,unit_number) VALUES (86,'Yuli','Lewis','Massa LLP','260-3080 Non, Road','31797','Bourgogne','Latvia','Mâcon',3987);
INSERT INTO customers (customer_id,first_name,last_name,company_name,street,zip,state,country,city,unit_number) VALUES (87,'Ferdinand','Peck','Ante Maecenas Corporation','904-9171 Gravida Ave','36806','Michigan','Belarus','Grand Rapids',1559);
INSERT INTO customers (customer_id,first_name,last_name,company_name,street,zip,state,country,city,unit_number) VALUES (88,'Chava','Cash','Risus Donec Nibh Limited','P.O. Box 750, 7543 Quis Avenue','14613','Arizona','South Sudan','Tucson',754);
INSERT INTO customers (customer_id,first_name,last_name,company_name,street,zip,state,country,city,unit_number) VALUES (89,'Basia','Barron','Non Bibendum Sed Consulting','4411 Nibh Ave','K17 7OT','SP','Uganda','Jundiaí',1130);
INSERT INTO customers (customer_id,first_name,last_name,company_name,street,zip,state,country,city,unit_number) VALUES (90,'Wilma','Sawyer','Curabitur Institute','P.O. Box 181, 2422 Lacus. St.','9108','Franche-Comté','Mongolia','Montbéliard',3421);
INSERT INTO customers (customer_id,first_name,last_name,company_name,street,zip,state,country,city,unit_number) VALUES (91,'Brian','Mendez','Sed Eget Lacus Associates','P.O. Box 325, 8953 Integer Ave','4909','ON','Samoa','Grey County',378);
INSERT INTO customers (customer_id,first_name,last_name,company_name,street,zip,state,country,city,unit_number) VALUES (92,'Quamar','Irwin','Ipsum LLC','P.O. Box 575, 8928 Nibh Rd.','6627','CE','Costa Rica','Joué-lès-Tours',2656);
INSERT INTO customers (customer_id,first_name,last_name,company_name,street,zip,state,country,city,unit_number) VALUES (93,'Cedric','Collins','Mauris LLP','5914 Interdum Road','5492','AL','Antarctica','Mobile',3117);
INSERT INTO customers (customer_id,first_name,last_name,company_name,street,zip,state,country,city,unit_number) VALUES (94,'Dexter','Browning','At Corporation','P.O. Box 503, 6221 Mattis. Av.','1695','Hesse','Cape Verde','Butzbach',3110);
INSERT INTO customers (customer_id,first_name,last_name,company_name,street,zip,state,country,city,unit_number) VALUES (95,'Evelyn','Gallegos','Vel Incorporated','746-8548 Volutpat. Ave','32449','Gelderland','Puerto Rico','Huissen',3795);
INSERT INTO customers (customer_id,first_name,last_name,company_name,street,zip,state,country,city,unit_number) VALUES (96,'Caldwell','Rush','Ligula Donec Inc.','771-3904 Et Road','305880','IL','British Indian Ocean Territory','Boulogne-Billancourt',691);
INSERT INTO customers (customer_id,first_name,last_name,company_name,street,zip,state,country,city,unit_number) VALUES (97,'Joel','Ruiz','','P.O. Box 734, 5958 Tortor St.','926255','ON','British Indian Ocean Territory','Cornwall',660);
INSERT INTO customers (customer_id,first_name,last_name,company_name,street,zip,state,country,city,unit_number) VALUES (98,'Aline','Bradley','','Ap #781-9728 Urna, Rd.','70758','WI','Virgin Islands, United States','Trowbridge',2887);
INSERT INTO customers (customer_id,first_name,last_name,company_name,street,zip,state,country,city,unit_number) VALUES (99,'Colleen','Rios','','Ap #116-2824 Aliquam Road','113889','Jönköpings län','Slovenia','Värnamo',3243);
INSERT INTO customers (customer_id,first_name,last_name,company_name,street,zip,state,country,city,unit_number) VALUES (100,'Aquila','Bonner','','P.O. Box 628, 1709 Et Avenue','58150','Rivers','Montenegro','Port Harcourt',3614);

--Location inserts
INSERT INTO locations (location_id,country,state,city,street,unit_number,zip) VALUES (1,'United States','Tenneessee','Kingsport','P.O. Box 754, 3155 Varius. Av.',6330,'4098');
INSERT INTO locations (location_id,country,state,city,street,unit_number,zip) VALUES (2,'United States','Tenneessee','Johnson City','409-9626 Libero. Road',1399,'92059');
INSERT INTO locations (location_id,country,state,city,street,unit_number,zip) VALUES (3,'United States','Tenneessee','Blountville','P.O. Box 449, 1587 A, Avenue',8459,'03336');
INSERT INTO locations (location_id,country,state,city,street,unit_number,zip) VALUES (4,'United States','Tenneessee','Greeneville','P.O. Box 294, 6785 Tellus, St.',1081,'6564');
INSERT INTO locations (location_id,country,state,city,street,unit_number,zip) VALUES (5,'United States','Tenneessee','Franklin','Ap #130-5750 Sem Rd.',3016,'1911');
INSERT INTO locations (location_id,country,state,city,street,unit_number,zip) VALUES (6,'United States','Tenneessee','Paris','7133 Dictum Road',9656,'3092');
INSERT INTO locations (location_id,country,state,city,street,unit_number,zip) VALUES (7,'United States','Tenneessee','Nashville','9331 Nibh. Av.',7890,'5941');
INSERT INTO locations (location_id,country,state,city,street,unit_number,zip) VALUES (8,'United States','Tenneessee','Knoxville','P.O. Box 270, 2768 Vulputate Rd.',8297,'6001');
INSERT INTO locations (location_id,country,state,city,street,unit_number,zip) VALUES (9,'United States','Tenneessee','Elizabethton','9599 Nunc St.',7001,'3727');
INSERT INTO locations (location_id,country,state,city,street,unit_number,zip) VALUES (10,'United States','Tenneessee','Newport','2321 Ligula Rd.',5125,'40605');

--Employee inserts
INSERT INTO employees (emp_id,first_name,last_name,hire_date,active) VALUES (1,'Liz','Davis','02-Oct-17',1);
INSERT INTO employees (emp_id,first_name,last_name,hire_date,active) VALUES (2,'Margaret','Hanson','06-Sep-18',1);
INSERT INTO employees (emp_id,first_name,last_name,hire_date,active) VALUES (3,'Ori','Donaldson','13-Jan-19',1);
INSERT INTO employees (emp_id,first_name,last_name,hire_date,active) VALUES (4,'Inez','Cummings','18-Feb-19',1);
INSERT INTO employees (emp_id,first_name,last_name,hire_date,active) VALUES (5,'Anne','Mack','06-Mar-19',1);
INSERT INTO employees (emp_id,first_name,last_name,hire_date,active) VALUES (6,'Hannah','Jones','02-Oct-17',1);
INSERT INTO employees (emp_id,first_name,last_name,hire_date,active) VALUES (7,'Billy','Hanson','06-Sep-18',1);
INSERT INTO employees (emp_id,first_name,last_name,hire_date,active) VALUES (8,'Rick','Donaldson','13-Jan-19',1);
INSERT INTO employees (emp_id,first_name,last_name,hire_date,active) VALUES (9,'Bob','Cummings','18-Feb-19',1);
INSERT INTO employees (emp_id,first_name,last_name,hire_date,active) VALUES (10,'Jon','Mack','06-Mar-19',1);
INSERT INTO employees (emp_id,first_name,last_name,hire_date,active) VALUES (11,'Mack','Davis','02-Oct-17',1);
INSERT INTO employees (emp_id,first_name,last_name,hire_date,active) VALUES (12,'Susan','Hanson','06-Sep-18',1);
INSERT INTO employees (emp_id,first_name,last_name,hire_date,active) VALUES (13,'Lisa','Donaldson','13-Jan-19',1);
INSERT INTO employees (emp_id,first_name,last_name,hire_date,active) VALUES (14,'Barbara','Cummings','18-Feb-19',1);
INSERT INTO employees (emp_id,first_name,last_name,hire_date,active) VALUES (15,'Iantha','Mack','06-Mar-19',1);


--Order inserts
INSERT INTO orders (order_id,description,special_instructions,balance,balance_paid,paid_in_full,customer_id) VALUES (1,'Fusce dolor quam, elementum at,','sem elit, pharetra ut, pharetra','97.31','19.11',0,75);
INSERT INTO orders (order_id,description,special_instructions,balance,balance_paid,paid_in_full,customer_id) VALUES (2,'nunc sed pede. Cum sociis','Nullam vitae diam. Proin dolor.','82.43','33.06',0,30);
INSERT INTO orders (order_id,description,special_instructions,balance,balance_paid,paid_in_full,customer_id) VALUES (3,'ac mattis semper, dui lectus','pellentesque. Sed dictum. Proin eget','134.82','20.88',0,84);
INSERT INTO orders (order_id,description,special_instructions,balance,balance_paid,paid_in_full,customer_id) VALUES (4,'magna tellus faucibus leo, in','egestas nunc sed libero. Proin','122.51','25.26',0,17);
INSERT INTO orders (order_id,description,special_instructions,balance,balance_paid,paid_in_full,customer_id) VALUES (5,'enim diam vel arcu. Curabitur','facilisis non, bibendum sed, est.','59.16','39.30',0,20);
INSERT INTO orders (order_id,description,special_instructions,balance,balance_paid,paid_in_full,customer_id) VALUES (6,'metus. In lorem. Donec elementum,','lorem. Donec elementum, lorem ut','80.18','11.18',0,89);
INSERT INTO orders (order_id,description,special_instructions,balance,balance_paid,paid_in_full,customer_id) VALUES (7,'sagittis. Nullam vitae diam. Proin','arcu. Vestibulum ut eros non','144.01','43.09',0,60);
INSERT INTO orders (order_id,description,special_instructions,balance,balance_paid,paid_in_full,customer_id) VALUES (8,'feugiat nec, diam. Duis mi','at, egestas a, scelerisque sed,','66.08','49.31',0,39);
INSERT INTO orders (order_id,description,special_instructions,balance,balance_paid,paid_in_full,customer_id) VALUES (9,'lacus pede sagittis augue, eu','Curabitur sed tortor. Integer aliquam','107.67','32.96',0,29);
INSERT INTO orders (order_id,description,special_instructions,balance,balance_paid,paid_in_full,customer_id) VALUES (10,'Duis gravida. Praesent eu nulla','congue a, aliquet vel, vulputate','53.17','42.37',0,81);
INSERT INTO orders (order_id,description,special_instructions,balance,balance_paid,paid_in_full,customer_id) VALUES (11,'aliquet. Phasellus fermentum convallis ligula.','lorem, eget mollis lectus pede','53.50','34.87',0,67);
INSERT INTO orders (order_id,description,special_instructions,balance,balance_paid,paid_in_full,customer_id) VALUES (12,'tellus. Suspendisse sed dolor. Fusce','Phasellus at augue id ante','51.83','20.32',0,34);
INSERT INTO orders (order_id,description,special_instructions,balance,balance_paid,paid_in_full,customer_id) VALUES (13,'in, dolor. Fusce feugiat. Lorem','quis, pede. Suspendisse dui. Fusce','146.16','46.30',0,1);
INSERT INTO orders (order_id,description,special_instructions,balance,balance_paid,paid_in_full,customer_id) VALUES (14,'auctor non, feugiat nec, diam.','eget metus. In nec orci.','141.40','6.55',0,69);
INSERT INTO orders (order_id,description,special_instructions,balance,balance_paid,paid_in_full,customer_id) VALUES (15,'luctus et ultrices posuere cubilia','tellus. Nunc lectus pede, ultrices','110.24','36.54',0,95);
INSERT INTO orders (order_id,description,special_instructions,balance,balance_paid,paid_in_full,customer_id) VALUES (16,'egestas. Duis ac arcu. Nunc','auctor, velit eget laoreet posuere,','135.60','48.80',0,44);
INSERT INTO orders (order_id,description,special_instructions,balance,balance_paid,paid_in_full,customer_id) VALUES (17,'accumsan convallis, ante lectus convallis','ornare. Fusce mollis. Duis sit','57.52','5.21',0,58);
INSERT INTO orders (order_id,description,special_instructions,balance,balance_paid,paid_in_full,customer_id) VALUES (18,'at auctor ullamcorper, nisl arcu','faucibus orci luctus et ultrices','107.47','38.41',0,12);
INSERT INTO orders (order_id,description,special_instructions,balance,balance_paid,paid_in_full,customer_id) VALUES (19,'eu tempor erat neque non','ultricies adipiscing, enim mi tempor','80.07','8.43',0,67);
INSERT INTO orders (order_id,description,special_instructions,balance,balance_paid,paid_in_full,customer_id) VALUES (20,'a tortor. Nunc commodo auctor','ut ipsum ac mi eleifend','87.93','14.78',0,59);
INSERT INTO orders (order_id,description,special_instructions,balance,balance_paid,paid_in_full,customer_id) VALUES (21,'cubilia Curae; Donec tincidunt. Donec','mauris ipsum porta elit, a','138.25','40.49',0,96);
INSERT INTO orders (order_id,description,special_instructions,balance,balance_paid,paid_in_full,customer_id) VALUES (22,'at augue id ante dictum','In nec orci. Donec nibh.','105.44','0.72',0,82);
INSERT INTO orders (order_id,description,special_instructions,balance,balance_paid,paid_in_full,customer_id) VALUES (23,'mauris. Morbi non sapien molestie','interdum. Nunc sollicitudin commodo ipsum.','57.19','22.96',0,87);
INSERT INTO orders (order_id,description,special_instructions,balance,balance_paid,paid_in_full,customer_id) VALUES (24,'nascetur ridiculus mus. Donec dignissim','Curabitur sed tortor. Integer aliquam','88.46','30.80',0,14);
INSERT INTO orders (order_id,description,special_instructions,balance,balance_paid,paid_in_full,customer_id) VALUES (25,'vitae mauris sit amet lorem','elit, pellentesque a, facilisis non,','115.15','36.37',0,2);
INSERT INTO orders (order_id,description,special_instructions,balance,balance_paid,paid_in_full,customer_id) VALUES (26,'tempor augue ac ipsum. Phasellus','sit amet, consectetuer adipiscing elit.','106.15','4.88',0,7);
INSERT INTO orders (order_id,description,special_instructions,balance,balance_paid,paid_in_full,customer_id) VALUES (27,'vestibulum nec, euismod in, dolor.','varius ultrices, mauris ipsum porta','63.83','44.88',0,46);
INSERT INTO orders (order_id,description,special_instructions,balance,balance_paid,paid_in_full,customer_id) VALUES (28,'Vestibulum ante ipsum primis in','lacus. Aliquam rutrum lorem ac','141.81','0.48',0,31);
INSERT INTO orders (order_id,description,special_instructions,balance,balance_paid,paid_in_full,customer_id) VALUES (29,'dignissim pharetra. Nam ac nulla.','suscipit, est ac facilisis facilisis,','75.71','9.81',0,73);
INSERT INTO orders (order_id,description,special_instructions,balance,balance_paid,paid_in_full,customer_id) VALUES (30,'ipsum ac mi eleifend egestas.','ante ipsum primis in faucibus','144.49','27.74',0,17);
INSERT INTO orders (order_id,description,special_instructions,balance,balance_paid,paid_in_full,customer_id) VALUES (31,'est, vitae sodales nisi magna','Etiam ligula tortor, dictum eu,','56.88','48.04',0,1);
INSERT INTO orders (order_id,description,special_instructions,balance,balance_paid,paid_in_full,customer_id) VALUES (32,'Aliquam erat volutpat. Nulla facilisis.','vel, faucibus id, libero. Donec','103.54','17.74',0,53);
INSERT INTO orders (order_id,description,special_instructions,balance,balance_paid,paid_in_full,customer_id) VALUES (33,'ornare, elit elit fermentum risus,','mauris. Morbi non sapien molestie','137.98','4.12',0,94);
INSERT INTO orders (order_id,description,special_instructions,balance,balance_paid,paid_in_full,customer_id) VALUES (34,'In mi pede, nonummy ut,','Suspendisse ac metus vitae velit','71.49','43.44',0,69);
INSERT INTO orders (order_id,description,special_instructions,balance,balance_paid,paid_in_full,customer_id) VALUES (35,'molestie arcu. Sed eu nibh','magna sed dui. Fusce aliquam,','60.86','45.61',0,20);
INSERT INTO orders (order_id,description,special_instructions,balance,balance_paid,paid_in_full,customer_id) VALUES (36,'eu metus. In lorem. Donec','dolor. Nulla semper tellus id','91.69','39.47',0,21);
INSERT INTO orders (order_id,description,special_instructions,balance,balance_paid,paid_in_full,customer_id) VALUES (37,'enim diam vel arcu. Curabitur','luctus felis purus ac tellus.','101.39','6.89',0,90);
INSERT INTO orders (order_id,description,special_instructions,balance,balance_paid,paid_in_full,customer_id) VALUES (38,'Etiam gravida molestie arcu. Sed','mattis. Cras eget nisi dictum','75.78','41.15',0,21);
INSERT INTO orders (order_id,description,special_instructions,balance,balance_paid,paid_in_full,customer_id) VALUES (39,'ac mattis velit justo nec','nisl sem, consequat nec, mollis','103.84','9.82',0,58);
INSERT INTO orders (order_id,description,special_instructions,balance,balance_paid,paid_in_full,customer_id) VALUES (40,'Quisque tincidunt pede ac urna.','magna nec quam. Curabitur vel','142.81','25.92',0,71);
INSERT INTO orders (order_id,description,special_instructions,balance,balance_paid,paid_in_full,customer_id) VALUES (41,'vel turpis. Aliquam adipiscing lobortis','ut, sem. Nulla interdum. Curabitur','75.55','42.46',0,27);
INSERT INTO orders (order_id,description,special_instructions,balance,balance_paid,paid_in_full,customer_id) VALUES (42,'dolor dapibus gravida. Aliquam tincidunt,','morbi tristique senectus et netus','61.15','35.56',0,36);
INSERT INTO orders (order_id,description,special_instructions,balance,balance_paid,paid_in_full,customer_id) VALUES (43,'Aliquam erat volutpat. Nulla facilisis.','est. Mauris eu turpis. Nulla','104.56','29.57',0,69);
INSERT INTO orders (order_id,description,special_instructions,balance,balance_paid,paid_in_full,customer_id) VALUES (44,'Donec non justo. Proin non','sed sem egestas blandit. Nam','120.37','40.75',0,35);
INSERT INTO orders (order_id,description,special_instructions,balance,balance_paid,paid_in_full,customer_id) VALUES (45,'fringilla purus mauris a nunc.','Cras eget nisi dictum augue','79.89','40.37',0,88);
INSERT INTO orders (order_id,description,special_instructions,balance,balance_paid,paid_in_full,customer_id) VALUES (46,'adipiscing fringilla, porttitor vulputate, posuere','sit amet ante. Vivamus non','51.16','1.01',0,46);
INSERT INTO orders (order_id,description,special_instructions,balance,balance_paid,paid_in_full,customer_id) VALUES (47,'montes, nascetur ridiculus mus. Proin','et tristique pellentesque, tellus sem','60.76','12.83',0,49);
INSERT INTO orders (order_id,description,special_instructions,balance,balance_paid,paid_in_full,customer_id) VALUES (48,'Nunc ut erat. Sed nunc','quis lectus. Nullam suscipit, est','52.76','35.27',0,8);
INSERT INTO orders (order_id,description,special_instructions,balance,balance_paid,paid_in_full,customer_id) VALUES (49,'ultrices. Vivamus rhoncus. Donec est.','at risus. Nunc ac sem','50.12','21.65',0,69);
INSERT INTO orders (order_id,description,special_instructions,balance,balance_paid,paid_in_full,customer_id) VALUES (50,'lobortis risus. In mi pede,','eget magna. Suspendisse tristique neque','115.37','7.41',0,93);
INSERT INTO orders (order_id,description,special_instructions,balance,balance_paid,paid_in_full,customer_id) VALUES (51,'in, cursus et, eros. Proin','gravida. Aliquam tincidunt, nunc ac','100.33','30.07',0,29);
INSERT INTO orders (order_id,description,special_instructions,balance,balance_paid,paid_in_full,customer_id) VALUES (52,'quis urna. Nunc quis arcu','nec tellus. Nunc lectus pede,','107.66','31.42',0,85);
INSERT INTO orders (order_id,description,special_instructions,balance,balance_paid,paid_in_full,customer_id) VALUES (53,'fermentum fermentum arcu. Vestibulum ante','velit. Cras lorem lorem, luctus','68.87','15.70',0,29);
INSERT INTO orders (order_id,description,special_instructions,balance,balance_paid,paid_in_full,customer_id) VALUES (54,'Donec nibh enim, gravida sit','mollis. Duis sit amet diam','121.44','7.67',0,12);
INSERT INTO orders (order_id,description,special_instructions,balance,balance_paid,paid_in_full,customer_id) VALUES (55,'cursus et, magna. Praesent interdum','Mauris eu turpis. Nulla aliquet.','88.24','2.55',0,37);
INSERT INTO orders (order_id,description,special_instructions,balance,balance_paid,paid_in_full,customer_id) VALUES (56,'amet diam eu dolor egestas','Donec egestas. Aliquam nec enim.','142.60','26.66',0,5);
INSERT INTO orders (order_id,description,special_instructions,balance,balance_paid,paid_in_full,customer_id) VALUES (57,'lorem ut aliquam iaculis, lacus','ante blandit viverra. Donec tempus,','115.95','22.32',0,81);
INSERT INTO orders (order_id,description,special_instructions,balance,balance_paid,paid_in_full,customer_id) VALUES (58,'vitae dolor. Donec fringilla. Donec','tincidunt congue turpis. In condimentum.','112.10','46.41',0,50);
INSERT INTO orders (order_id,description,special_instructions,balance,balance_paid,paid_in_full,customer_id) VALUES (59,'ut, nulla. Cras eu tellus','fringilla mi lacinia mattis. Integer','110.51','1.92',0,61);
INSERT INTO orders (order_id,description,special_instructions,balance,balance_paid,paid_in_full,customer_id) VALUES (60,'a feugiat tellus lorem eu','lorem semper auctor. Mauris vel','110.42','17.51',0,27);
INSERT INTO orders (order_id,description,special_instructions,balance,balance_paid,paid_in_full,customer_id) VALUES (61,'sed, sapien. Nunc pulvinar arcu','diam nunc, ullamcorper eu, euismod','86.06','32.21',0,58);
INSERT INTO orders (order_id,description,special_instructions,balance,balance_paid,paid_in_full,customer_id) VALUES (62,'luctus lobortis. Class aptent taciti','eget nisi dictum augue malesuada','58.95','16.95',0,18);
INSERT INTO orders (order_id,description,special_instructions,balance,balance_paid,paid_in_full,customer_id) VALUES (63,'Suspendisse eleifend. Cras sed leo.','Nam interdum enim non nisi.','53.75','40.05',0,32);
INSERT INTO orders (order_id,description,special_instructions,balance,balance_paid,paid_in_full,customer_id) VALUES (64,'accumsan convallis, ante lectus convallis','cursus non, egestas a, dui.','102.01','18.90',0,6);
INSERT INTO orders (order_id,description,special_instructions,balance,balance_paid,paid_in_full,customer_id) VALUES (65,'sociis natoque penatibus et magnis','Sed eu nibh vulputate mauris','106.76','6.76',0,89);
INSERT INTO orders (order_id,description,special_instructions,balance,balance_paid,paid_in_full,customer_id) VALUES (66,'dictum placerat, augue. Sed molestie.','mauris eu elit. Nulla facilisi.','113.57','14.16',0,46);
INSERT INTO orders (order_id,description,special_instructions,balance,balance_paid,paid_in_full,customer_id) VALUES (67,'lectus justo eu arcu. Morbi','mollis nec, cursus a, enim.','118.32','23.35',0,50);
INSERT INTO orders (order_id,description,special_instructions,balance,balance_paid,paid_in_full,customer_id) VALUES (68,'aliquam arcu. Aliquam ultrices iaculis','euismod est arcu ac orci.','72.53','21.92',0,55);
INSERT INTO orders (order_id,description,special_instructions,balance,balance_paid,paid_in_full,customer_id) VALUES (69,'ligula consectetuer rhoncus. Nullam velit','mi fringilla mi lacinia mattis.','104.46','20.84',0,49);
INSERT INTO orders (order_id,description,special_instructions,balance,balance_paid,paid_in_full,customer_id) VALUES (70,'dictum cursus. Nunc mauris elit,','luctus lobortis. Class aptent taciti','101.41','16.36',0,13);
INSERT INTO orders (order_id,description,special_instructions,balance,balance_paid,paid_in_full,customer_id) VALUES (71,'sociosqu ad litora torquent per','nunc est, mollis non, cursus','131.01','16.95',0,53);
INSERT INTO orders (order_id,description,special_instructions,balance,balance_paid,paid_in_full,customer_id) VALUES (72,'parturient montes, nascetur ridiculus mus.','leo. Cras vehicula aliquet libero.','114.23','27.40',0,36);
INSERT INTO orders (order_id,description,special_instructions,balance,balance_paid,paid_in_full,customer_id) VALUES (73,'lobortis augue scelerisque mollis. Phasellus','varius ultrices, mauris ipsum porta','131.24','32.27',0,99);
INSERT INTO orders (order_id,description,special_instructions,balance,balance_paid,paid_in_full,customer_id) VALUES (74,'at fringilla purus mauris a','consectetuer ipsum nunc id enim.','111.17','18.47',0,83);
INSERT INTO orders (order_id,description,special_instructions,balance,balance_paid,paid_in_full,customer_id) VALUES (75,'mauris elit, dictum eu, eleifend','ligula eu enim. Etiam imperdiet','121.70','10.42',0,80);
INSERT INTO orders (order_id,description,special_instructions,balance,balance_paid,paid_in_full,customer_id) VALUES (76,'Curabitur ut odio vel est','mollis. Integer tincidunt aliquam arcu.','135.01','8.93',0,2);
INSERT INTO orders (order_id,description,special_instructions,balance,balance_paid,paid_in_full,customer_id) VALUES (77,'facilisi. Sed neque. Sed eget','Duis risus odio, auctor vitae,','89.09','24.39',0,54);
INSERT INTO orders (order_id,description,special_instructions,balance,balance_paid,paid_in_full,customer_id) VALUES (78,'nisi. Aenean eget metus. In','Phasellus elit pede, malesuada vel,','57.35','11.90',0,2);
INSERT INTO orders (order_id,description,special_instructions,balance,balance_paid,paid_in_full,customer_id) VALUES (79,'justo eu arcu. Morbi sit','mollis. Duis sit amet diam','141.55','14.93',0,47);
INSERT INTO orders (order_id,description,special_instructions,balance,balance_paid,paid_in_full,customer_id) VALUES (80,'lacus. Nulla tincidunt, neque vitae','ullamcorper. Duis cursus, diam at','71.82','19.87',0,4);
INSERT INTO orders (order_id,description,special_instructions,balance,balance_paid,paid_in_full,customer_id) VALUES (81,'ut quam vel sapien imperdiet','sed libero. Proin sed turpis','72.59','5.83',0,52);
INSERT INTO orders (order_id,description,special_instructions,balance,balance_paid,paid_in_full,customer_id) VALUES (82,'mollis dui, in sodales elit','arcu vel quam dignissim pharetra.','75.38','23.97',0,23);
INSERT INTO orders (order_id,description,special_instructions,balance,balance_paid,paid_in_full,customer_id) VALUES (83,'diam. Proin dolor. Nulla semper','elit. Aliquam auctor, velit eget','139.47','8.12',0,66);
INSERT INTO orders (order_id,description,special_instructions,balance,balance_paid,paid_in_full,customer_id) VALUES (84,'quis urna. Nunc quis arcu','rhoncus. Proin nisl sem, consequat','97.35','0.74',0,98);
INSERT INTO orders (order_id,description,special_instructions,balance,balance_paid,paid_in_full,customer_id) VALUES (85,'dui. Fusce diam nunc, ullamcorper','justo sit amet nulla. Donec','51.41','45.95',0,1);
INSERT INTO orders (order_id,description,special_instructions,balance,balance_paid,paid_in_full,customer_id) VALUES (86,'Nullam ut nisi a odio','mus. Proin vel arcu eu','95.84','47.13',0,80);
INSERT INTO orders (order_id,description,special_instructions,balance,balance_paid,paid_in_full,customer_id) VALUES (87,'sem ut cursus luctus, ipsum','ipsum primis in faucibus orci','113.08','3.70',0,63);
INSERT INTO orders (order_id,description,special_instructions,balance,balance_paid,paid_in_full,customer_id) VALUES (88,'diam dictum sapien. Aenean massa.','augue. Sed molestie. Sed id','109.14','13.53',0,97);
INSERT INTO orders (order_id,description,special_instructions,balance,balance_paid,paid_in_full,customer_id) VALUES (89,'ac, fermentum vel, mauris. Integer','tempus, lorem fringilla ornare placerat,','96.84','7.34',0,75);
INSERT INTO orders (order_id,description,special_instructions,balance,balance_paid,paid_in_full,customer_id) VALUES (90,'diam. Pellentesque habitant morbi tristique','ante. Maecenas mi felis, adipiscing','66.40','5.79',0,71);
INSERT INTO orders (order_id,description,special_instructions,balance,balance_paid,paid_in_full,customer_id) VALUES (91,'augue ac ipsum. Phasellus vitae','nunc est, mollis non, cursus','71.10','9.26',0,71);
INSERT INTO orders (order_id,description,special_instructions,balance,balance_paid,paid_in_full,customer_id) VALUES (92,'ornare egestas ligula. Nullam feugiat','lorem fringilla ornare placerat, orci','126.16','41.49',0,45);
INSERT INTO orders (order_id,description,special_instructions,balance,balance_paid,paid_in_full,customer_id) VALUES (93,'Aliquam ornare, libero at auctor','amet luctus vulputate, nisi sem','79.38','12.28',0,82);
INSERT INTO orders (order_id,description,special_instructions,balance,balance_paid,paid_in_full,customer_id) VALUES (94,'amet, consectetuer adipiscing elit. Etiam','eu, eleifend nec, malesuada ut,','77.56','12.45',0,92);
INSERT INTO orders (order_id,description,special_instructions,balance,balance_paid,paid_in_full,customer_id) VALUES (95,'per conubia nostra, per inceptos','erat. Sed nunc est, mollis','129.32','10.21',0,12);
INSERT INTO orders (order_id,description,special_instructions,balance,balance_paid,paid_in_full,customer_id) VALUES (96,'massa rutrum magna. Cras convallis','vel est tempor bibendum. Donec','85.04','20.68',0,40);
INSERT INTO orders (order_id,description,special_instructions,balance,balance_paid,paid_in_full,customer_id) VALUES (97,'fringilla cursus purus. Nullam scelerisque','ipsum porta elit, a feugiat','81.73','48.82',0,86);
INSERT INTO orders (order_id,description,special_instructions,balance,balance_paid,paid_in_full,customer_id) VALUES (98,'sit amet risus. Donec egestas.','dictum eleifend, nunc risus varius','115.28','13.21',0,73);
INSERT INTO orders (order_id,description,special_instructions,balance,balance_paid,paid_in_full,customer_id) VALUES (99,'ante ipsum primis in faucibus','felis purus ac tellus. Suspendisse','61.48','19.44',0,89);
INSERT INTO orders (order_id,description,special_instructions,balance,balance_paid,paid_in_full,customer_id) VALUES (100,'Vivamus nisi. Mauris nulla. Integer','in magna. Phasellus dolor elit,','113.76','34.02',0,36);

--Package inserts
INSERT INTO packages (package_id,package_name,description,price) VALUES (1,'Package A','magna, malesuada vel, convallis in, cursus et, eros. Proin ultrices.','2.91');
INSERT INTO packages (package_id,package_name,description,price) VALUES (2,'Package B','magna. Phasellus dolor elit, pellentesque a, facilisis non, bibendum sed,','9.83');
INSERT INTO packages (package_id,package_name,description,price) VALUES (3,'Package C','interdum. Nunc sollicitudin commodo ipsum. Suspendisse non leo. Vivamus nibh','7.67');
INSERT INTO packages (package_id,package_name,description,price) VALUES (4,'Package D','dictum magna. Ut tincidunt orci quis lectus. Nullam suscipit, est','8.31');
INSERT INTO packages (package_id,package_name,description,price) VALUES (5,'Package E','Proin nisl sem, consequat nec, mollis vitae, posuere at, velit.','8.29');
INSERT INTO packages (package_id,package_name,description,price) VALUES (6,'Package F','posuere cubilia Curae; Donec tincidunt. Donec vitae erat vel pede','6.19');
INSERT INTO packages (package_id,package_name,description,price) VALUES (7,'Package G','Duis gravida. Praesent eu nulla at sem molestie sodales. Mauris','8.91');
INSERT INTO packages (package_id,package_name,description,price) VALUES (8,'Package H','ante. Nunc mauris sapien, cursus in, hendrerit consectetuer, cursus et,','0.16');
INSERT INTO packages (package_id,package_name,description,price) VALUES (9,'Package I','fames ac turpis egestas. Aliquam fringilla cursus purus. Nullam scelerisque','4.45');
INSERT INTO packages (package_id,package_name,description,price) VALUES (10,'Package J','elit pede, malesuada vel, venenatis vel, faucibus id, libero. Donec','4.66');

--Service_types inserts
INSERT INTO service_types (service_type_id,service_type,description) VALUES (1,'Individual','netus et malesuada fames ac');
INSERT INTO service_types (service_type_id,service_type,description) VALUES (2,'Family','lacinia. Sed congue, elit sed');
INSERT INTO service_types (service_type_id,service_type,description) VALUES (3,'Group','ligula. Donec luctus aliquet odio.');
INSERT INTO service_types (service_type_id,service_type,description) VALUES (4,'Wedding','lorem, auctor quis, tristique ac,');
INSERT INTO service_types (service_type_id,service_type,description) VALUES (5,'Graduation','Quisque porttitor eros nec tellus.');
INSERT INTO service_types (service_type_id,service_type,description) VALUES (6,'Award Ceremony','et nunc. Quisque ornare tortor');
INSERT INTO service_types (service_type_id,service_type,description) VALUES (7,'Conference','tincidunt dui augue eu tellus.');
INSERT INTO service_types (service_type_id,service_type,description) VALUES (8,'Reception','a, malesuada id, erat. Etiam');
INSERT INTO service_types (service_type_id,service_type,description) VALUES (9,'Other','metus. In nec orci. Donec');

--Services inserts
INSERT INTO services (service_id,service_name,location_id,service_time,customer_id,service_type_id) VALUES (1,'lorem, vehicula et,',8,timestamp '2019-11-21 04:44:07',86,6);
INSERT INTO services (service_id,service_name,location_id,service_time, end_time,customer_id,service_type_id) VALUES (2,'torquent per conubia',5,timestamp '2019-05-04 06:08:35',timestamp '2019-05-04 16:08:35',57,8);
INSERT INTO services (service_id,service_name,location_id,service_time,customer_id,service_type_id) VALUES (3,'felis eget varius',1,timestamp '2019-05-08 01:20:23',71,9);
INSERT INTO services (service_id,service_name,location_id,service_time,customer_id,service_type_id) VALUES (4,'eget nisi dictum',9,timestamp '2020-04-04 19:37:28',44,4);
INSERT INTO services (service_id,service_name,location_id,service_time,customer_id,service_type_id) VALUES (5,'aliquam, enim nec',6,timestamp '2019-02-02 04:09:19',31,1);
INSERT INTO services (service_id,service_name,location_id,service_time,customer_id,service_type_id) VALUES (6,'lacinia mattis. Integer',8,timestamp '2020-01-07 06:26:56',90,5);
INSERT INTO services (service_id,service_name,location_id,service_time,customer_id,service_type_id) VALUES (7,'Aenean massa. Integer',3,timestamp '2018-10-27 11:06:52',46,5);
INSERT INTO services (service_id,service_name,location_id,service_time,customer_id,service_type_id) VALUES (8,'diam lorem, auctor',10,timestamp '2020-01-22 18:46:02',49,9);
INSERT INTO services (service_id,service_name,location_id,service_time,customer_id,service_type_id) VALUES (9,'quam quis diam.',8,timestamp '2018-06-06 18:04:00',92,2);
INSERT INTO services (service_id,service_name,location_id,service_time,customer_id,service_type_id) VALUES (10,'non sapien molestie',8,timestamp '2018-05-18 16:20:24',54,1);
INSERT INTO services (service_id,service_name,location_id,service_time,customer_id,service_type_id) VALUES (11,'sed dictum eleifend,',5,timestamp '2019-06-21 07:47:54',38,1);
INSERT INTO services (service_id,service_name,location_id,service_time,customer_id,service_type_id) VALUES (12,'sed dui. Fusce',10,timestamp '2020-02-17 12:50:11',44,6);
INSERT INTO services (service_id,service_name,location_id,service_time,customer_id,service_type_id) VALUES (13,'vitae diam. Proin',2,timestamp '2019-03-12 17:22:45',42,4);
INSERT INTO services (service_id,service_name,location_id,service_time,customer_id,service_type_id) VALUES (14,'nec tempus scelerisque,',2,timestamp '2018-09-25 23:25:34',40,8);
INSERT INTO services (service_id,service_name,location_id,service_time,customer_id,service_type_id) VALUES (15,'Nunc ullamcorper, velit',4,timestamp '2019-12-30 23:01:04',81,1);
INSERT INTO services (service_id,service_name,location_id,service_time,customer_id,service_type_id) VALUES (16,'euismod enim. Etiam',10,timestamp '2019-12-28 00:39:37',64,6);
INSERT INTO services (service_id,service_name,location_id,service_time,customer_id,service_type_id) VALUES (17,'lectus. Nullam suscipit,',4,timestamp '2018-05-03 19:43:32',29,9);
INSERT INTO services (service_id,service_name,location_id,service_time,customer_id,service_type_id) VALUES (18,'tortor. Nunc commodo',10,timestamp '2018-04-21 07:35:51',27,2);
INSERT INTO services (service_id,service_name,location_id,service_time,customer_id,service_type_id) VALUES (19,'Aliquam tincidunt, nunc',8,timestamp '2020-02-08 06:52:52',28,2);
INSERT INTO services (service_id,service_name,location_id,service_time,customer_id,service_type_id) VALUES (20,'cursus in, hendrerit',1,timestamp '2018-08-31 09:44:06',64,3);
INSERT INTO services (service_id,service_name,location_id,service_time,customer_id,service_type_id) VALUES (21,'sit amet ante.',2,timestamp '2018-11-12 23:49:01',84,5);
INSERT INTO services (service_id,service_name,location_id,service_time,customer_id,service_type_id) VALUES (22,'a, arcu. Sed',4,timestamp '2020-01-19 09:52:19',50,7);
INSERT INTO services (service_id,service_name,location_id,service_time,customer_id,service_type_id) VALUES (23,'neque. Nullam ut',6,timestamp '2019-06-14 23:22:22',44,8);
INSERT INTO services (service_id,service_name,location_id,service_time,customer_id,service_type_id) VALUES (24,'Aliquam nec enim.',2,timestamp '2020-03-08 00:39:20',53,5);
INSERT INTO services (service_id,service_name,location_id,service_time,customer_id,service_type_id) VALUES (25,'lorem ipsum sodales',3,timestamp '2019-09-18 17:10:59',27,3);
INSERT INTO services (service_id,service_name,location_id,service_time,customer_id,service_type_id) VALUES (26,'nec, malesuada ut,',1,timestamp '2019-07-07 04:03:07',88,9);
INSERT INTO services (service_id,service_name,location_id,service_time,customer_id,service_type_id) VALUES (27,'convallis convallis dolor.',8,timestamp '2018-10-16 04:58:33',81,4);
INSERT INTO services (service_id,service_name,location_id,service_time,customer_id,service_type_id) VALUES (28,'euismod in, dolor.',3,timestamp '2020-01-04 04:30:51',84,7);
INSERT INTO services (service_id,service_name,location_id,service_time,customer_id,service_type_id) VALUES (29,'eu elit. Nulla',8,timestamp '2020-02-25 06:59:46',30,9);
INSERT INTO services (service_id,service_name,location_id,service_time,customer_id,service_type_id) VALUES (30,'diam lorem, auctor',3,timestamp '2019-09-10 17:48:33',95,5);
INSERT INTO services (service_id,service_name,location_id,service_time,customer_id,service_type_id) VALUES (31,'amet orci. Ut',9,timestamp '2018-09-18 21:13:09',12,4);
INSERT INTO services (service_id,service_name,location_id,service_time,customer_id,service_type_id) VALUES (32,'ipsum cursus vestibulum.',9,timestamp '2019-06-23 22:06:02',39,2);
INSERT INTO services (service_id,service_name,location_id,service_time,customer_id,service_type_id) VALUES (33,'adipiscing lobortis risus.',8,timestamp '2019-05-22 10:03:28',14,9);
INSERT INTO services (service_id,service_name,location_id,service_time,customer_id,service_type_id) VALUES (34,'auctor non, feugiat',2,timestamp '2019-05-11 09:58:12',85,2);
INSERT INTO services (service_id,service_name,location_id,service_time,customer_id,service_type_id) VALUES (35,'orci quis lectus.',1,timestamp '2018-11-17 15:06:41',29,3);
INSERT INTO services (service_id,service_name,location_id,service_time,customer_id,service_type_id) VALUES (36,'nunc. In at',4,timestamp '2018-11-17 20:29:11',5,1);
INSERT INTO services (service_id,service_name,location_id,service_time,customer_id,service_type_id) VALUES (37,'sem molestie sodales.',1,timestamp '2018-10-05 15:47:09',25,3);
INSERT INTO services (service_id,service_name,location_id,service_time,customer_id,service_type_id) VALUES (38,'dictum sapien. Aenean',3,timestamp '2018-04-28 21:29:06',82,2);
INSERT INTO services (service_id,service_name,location_id,service_time,customer_id,service_type_id) VALUES (39,'Duis dignissim tempor',5,timestamp '2020-01-29 09:54:50',95,5);
INSERT INTO services (service_id,service_name,location_id,service_time,customer_id,service_type_id) VALUES (40,'Vestibulum ut eros',7,timestamp '2018-07-25 03:39:42',63,1);
INSERT INTO services (service_id,service_name,location_id,service_time,customer_id,service_type_id) VALUES (41,'Vestibulum ante ipsum',2,timestamp '2019-10-26 17:43:51',71,6);
INSERT INTO services (service_id,service_name,location_id,service_time,customer_id,service_type_id) VALUES (42,'at, velit. Pellentesque',4,timestamp '2020-04-03 20:59:51',87,4);
INSERT INTO services (service_id,service_name,location_id,service_time,customer_id,service_type_id) VALUES (43,'Aliquam rutrum lorem',2,timestamp '2018-06-11 17:35:32',40,8);
INSERT INTO services (service_id,service_name,location_id,service_time,customer_id,service_type_id) VALUES (44,'at pretium aliquet,',9,timestamp '2019-10-22 05:39:04',31,3);
INSERT INTO services (service_id,service_name,location_id,service_time,customer_id,service_type_id) VALUES (45,'habitant morbi tristique',6,timestamp '2018-04-22 19:10:15',52,8);
INSERT INTO services (service_id,service_name,location_id,service_time,customer_id,service_type_id) VALUES (46,'vel arcu eu',1,timestamp '2019-03-31 13:38:29',15,6);
INSERT INTO services (service_id,service_name,location_id,service_time,customer_id,service_type_id) VALUES (47,'nonummy. Fusce fermentum',6,timestamp '2018-11-03 09:13:33',18,7);
INSERT INTO services (service_id,service_name,location_id,service_time,customer_id,service_type_id) VALUES (48,'dapibus gravida. Aliquam',6,timestamp '2019-07-18 09:11:16',82,3);
INSERT INTO services (service_id,service_name,location_id,service_time,customer_id,service_type_id) VALUES (49,'erat vitae risus.',7,timestamp '2020-03-12 13:52:12',63,9);
INSERT INTO services (service_id,service_name,location_id,service_time,customer_id,service_type_id) VALUES (50,'ac libero nec',7,timestamp '2019-01-27 23:46:47',81,8);
INSERT INTO services (service_id,service_name,location_id,service_time,customer_id,service_type_id) VALUES (51,'at, egestas a,',9,timestamp '2019-03-21 02:04:08',14,9);
INSERT INTO services (service_id,service_name,location_id,service_time,customer_id,service_type_id) VALUES (52,'elit fermentum risus,',1,timestamp '2020-01-26 22:44:56',25,2);
INSERT INTO services (service_id,service_name,location_id,service_time,customer_id,service_type_id) VALUES (53,'lacus. Ut nec',7,timestamp '2018-07-18 23:04:47',59,8);
INSERT INTO services (service_id,service_name,location_id,service_time,customer_id,service_type_id) VALUES (54,'non enim commodo',5,timestamp '2018-06-01 05:27:34',2,2);
INSERT INTO services (service_id,service_name,location_id,service_time,customer_id,service_type_id) VALUES (55,'tristique neque venenatis',9,timestamp '2020-02-21 00:39:35',48,7);
INSERT INTO services (service_id,service_name,location_id,service_time,customer_id,service_type_id) VALUES (56,'risus. Donec egestas.',3,timestamp '2018-11-23 09:01:16',59,6);
INSERT INTO services (service_id,service_name,location_id,service_time,customer_id,service_type_id) VALUES (57,'quis massa. Mauris',10,timestamp '2019-11-14 16:20:50',28,4);
INSERT INTO services (service_id,service_name,location_id,service_time,customer_id,service_type_id) VALUES (58,'urna et arcu',5,timestamp '2019-02-10 12:32:14',83,6);
INSERT INTO services (service_id,service_name,location_id,service_time,customer_id,service_type_id) VALUES (59,'tristique ac, eleifend',2,timestamp '2018-10-19 23:52:59',14,6);
INSERT INTO services (service_id,service_name,location_id,service_time,customer_id,service_type_id) VALUES (60,'egestas hendrerit neque.',4,timestamp '2018-10-18 01:30:20',47,1);
INSERT INTO services (service_id,service_name,location_id,service_time,customer_id,service_type_id) VALUES (61,'libero. Integer in',8,timestamp '2018-11-15 20:02:01',18,9);
INSERT INTO services (service_id,service_name,location_id,service_time,customer_id,service_type_id) VALUES (62,'dolor sit amet,',6,timestamp '2018-04-14 00:38:16',78,5);
INSERT INTO services (service_id,service_name,location_id,service_time,customer_id,service_type_id) VALUES (63,'arcu. Sed et',5,timestamp '2019-10-10 05:02:01',99,9);
INSERT INTO services (service_id,service_name,location_id,service_time,customer_id,service_type_id) VALUES (64,'euismod enim. Etiam',2,timestamp '2019-02-07 20:11:57',73,9);
INSERT INTO services (service_id,service_name,location_id,service_time,customer_id,service_type_id) VALUES (65,'Vestibulum ante ipsum',2,timestamp '2019-03-21 05:24:59',80,5);
INSERT INTO services (service_id,service_name,location_id,service_time,customer_id,service_type_id) VALUES (66,'elementum, lorem ut',2,timestamp '2018-08-29 10:56:20',58,9);
INSERT INTO services (service_id,service_name,location_id,service_time,customer_id,service_type_id) VALUES (67,'Nunc sollicitudin commodo',1,timestamp '2019-04-22 10:35:28',67,9);
INSERT INTO services (service_id,service_name,location_id,service_time,customer_id,service_type_id) VALUES (68,'Aenean egestas hendrerit',4,timestamp '2018-11-19 15:02:56',59,8);
INSERT INTO services (service_id,service_name,location_id,service_time,customer_id,service_type_id) VALUES (69,'mauris elit, dictum',9,timestamp '2018-10-15 20:38:09',65,7);
INSERT INTO services (service_id,service_name,location_id,service_time,customer_id,service_type_id) VALUES (70,'eu tellus. Phasellus',4,timestamp '2018-09-16 01:06:46',27,3);
INSERT INTO services (service_id,service_name,location_id,service_time,customer_id,service_type_id) VALUES (71,'Fusce aliquet magna',3,timestamp '2019-05-25 12:35:12',5,7);
INSERT INTO services (service_id,service_name,location_id,service_time,customer_id,service_type_id) VALUES (72,'fringilla. Donec feugiat',1,timestamp '2018-09-13 13:43:50',96,6);
INSERT INTO services (service_id,service_name,location_id,service_time,customer_id,service_type_id) VALUES (73,'vitae sodales nisi',6,timestamp '2019-10-06 16:27:21',97,1);
INSERT INTO services (service_id,service_name,location_id,service_time,customer_id,service_type_id) VALUES (74,'nascetur ridiculus mus.',4,timestamp '2018-07-04 02:44:55',68,7);
INSERT INTO services (service_id,service_name,location_id,service_time,customer_id,service_type_id) VALUES (75,'lacus. Etiam bibendum',2,timestamp '2018-09-14 12:38:29',78,4);
INSERT INTO services (service_id,service_name,location_id,service_time,customer_id,service_type_id) VALUES (76,'id sapien. Cras',9,timestamp '2019-05-13 00:03:01',21,4);
INSERT INTO services (service_id,service_name,location_id,service_time,customer_id,service_type_id) VALUES (77,'dui lectus rutrum',1,timestamp '2018-10-05 18:52:00',94,6);
INSERT INTO services (service_id,service_name,location_id,service_time,customer_id,service_type_id) VALUES (78,'pharetra sed, hendrerit',5,timestamp '2018-07-16 21:17:03',80,6);
INSERT INTO services (service_id,service_name,location_id,service_time,customer_id,service_type_id) VALUES (79,'nibh vulputate mauris',9,timestamp '2018-07-01 23:19:49',14,3);
INSERT INTO services (service_id,service_name,location_id,service_time,customer_id,service_type_id) VALUES (80,'metus. Aenean sed',3,timestamp '2019-10-18 17:08:12',65,3);
INSERT INTO services (service_id,service_name,location_id,service_time,customer_id,service_type_id) VALUES (81,'sem elit, pharetra',7,timestamp '2018-09-23 15:59:24',6,8);
INSERT INTO services (service_id,service_name,location_id,service_time,customer_id,service_type_id) VALUES (82,'mi fringilla mi',2,timestamp '2019-09-25 03:19:16',35,2);
INSERT INTO services (service_id,service_name,location_id,service_time,customer_id,service_type_id) VALUES (83,'Nulla eget metus',9,timestamp '2019-08-28 15:56:30',13,9);
INSERT INTO services (service_id,service_name,location_id,service_time,customer_id,service_type_id) VALUES (84,'nibh. Donec est',3,timestamp '2019-05-10 13:46:42',7,2);
INSERT INTO services (service_id,service_name,location_id,service_time,customer_id,service_type_id) VALUES (85,'elementum sem, vitae',6,timestamp '2018-07-12 02:58:33',20,3);
INSERT INTO services (service_id,service_name,location_id,service_time,customer_id,service_type_id) VALUES (86,'arcu. Sed eu',9,timestamp '2018-05-20 15:14:59',69,4);
INSERT INTO services (service_id,service_name,location_id,service_time,customer_id,service_type_id) VALUES (87,'arcu. Sed eu',7,timestamp '2019-01-26 08:25:31',97,3);
INSERT INTO services (service_id,service_name,location_id,service_time,customer_id,service_type_id) VALUES (88,'non, dapibus rutrum,',5,timestamp '2019-05-10 05:57:26',47,2);
INSERT INTO services (service_id,service_name,location_id,service_time,customer_id,service_type_id) VALUES (89,'Donec consectetuer mauris',7,timestamp '2019-12-29 19:32:28',68,6);
INSERT INTO services (service_id,service_name,location_id,service_time,customer_id,service_type_id) VALUES (90,'tempor lorem, eget',1,timestamp '2019-02-18 20:03:50',45,2);
INSERT INTO services (service_id,service_name,location_id,service_time,customer_id,service_type_id) VALUES (91,'Mauris eu turpis.',7,timestamp '2019-07-23 13:20:45',4,8);
INSERT INTO services (service_id,service_name,location_id,service_time,customer_id,service_type_id) VALUES (92,'a, auctor non,',1,timestamp '2019-08-16 15:21:00',62,4);
INSERT INTO services (service_id,service_name,location_id,service_time,customer_id,service_type_id) VALUES (93,'augue, eu tempor',2,timestamp '2018-07-25 18:33:20',44,3);
INSERT INTO services (service_id,service_name,location_id,service_time,customer_id,service_type_id) VALUES (94,'torquent per conubia',4,timestamp '2020-03-07 07:53:36',51,5);
INSERT INTO services (service_id,service_name,location_id,service_time,customer_id,service_type_id) VALUES (95,'fringilla. Donec feugiat',2,timestamp '2019-02-19 07:27:11',76,8);
INSERT INTO services (service_id,service_name,location_id,service_time,customer_id,service_type_id) VALUES (96,'tortor. Nunc commodo',2,timestamp '2019-10-05 15:30:08',31,5);
INSERT INTO services (service_id,service_name,location_id,service_time,customer_id,service_type_id) VALUES (97,'ut, nulla. Cras',9,timestamp '2020-03-01 01:31:13',26,4);
INSERT INTO services (service_id,service_name,location_id,service_time,customer_id,service_type_id) VALUES (98,'lorem lorem, luctus',7,timestamp '2018-12-06 02:13:12',43,4);
INSERT INTO services (service_id,service_name,location_id,service_time,customer_id,service_type_id) VALUES (99,'Sed neque. Sed',5,timestamp '2018-11-09 06:20:28',31,2);
INSERT INTO services (service_id,service_name,location_id,service_time,customer_id,service_type_id) VALUES (100,'hi tempor diam dictum',1,timestamp '2019-10-17 17:08:37',15,3);
INSERT INTO services (service_id,service_name,location_id,service_time,customer_id,service_type_id) VALUES (101,'hu ut, nulla. Cras',9,timestamp '2020-03-01 01:31:13',26,4);
INSERT INTO services (service_id,service_name,location_id,service_time,customer_id,service_type_id) VALUES (102,'hi lorem lorem, luctus',7,timestamp '2018-12-06 02:13:12',43,4);
INSERT INTO services (service_id,service_name,location_id,service_time,customer_id,service_type_id) VALUES (103,'hi Sed neque. Sed',5,timestamp '2018-11-09 06:20:28',31,2);
INSERT INTO services (service_id,service_name,location_id,service_time,customer_id,service_type_id) VALUES (104,'hiu tempor diam dictum',1,timestamp '2019-10-17 17:08:37',15,3);

--Contract inserts
INSERT INTO contracts (contract_id,customer_id,service_id,signed,deposit_amt) VALUES (1,1,1,0,'64.37');
INSERT INTO contracts (contract_id,customer_id,service_id,signed,deposit_amt) VALUES (2,2,2,0,'64.77');
INSERT INTO contracts (contract_id,customer_id,service_id,signed,deposit_amt) VALUES (3,3,3,1,'75.03');
INSERT INTO contracts (contract_id,customer_id,service_id,signed,deposit_amt) VALUES (4,4,4,0,'92.50');
INSERT INTO contracts (contract_id,customer_id,service_id,signed,deposit_amt) VALUES (5,5,5,1,'78.58');
INSERT INTO contracts (contract_id,customer_id,service_id,signed,deposit_amt) VALUES (6,6,6,1,'99.13');
INSERT INTO contracts (contract_id,customer_id,service_id,signed,deposit_amt) VALUES (7,7,7,1,'62.78');
INSERT INTO contracts (contract_id,customer_id,service_id,signed,deposit_amt) VALUES (8,8,8,0,'89.74');
INSERT INTO contracts (contract_id,customer_id,service_id,signed,deposit_amt) VALUES (9,9,9,0,'72.06');
INSERT INTO contracts (contract_id,customer_id,service_id,signed,deposit_amt) VALUES (10,10,10,1,'88.90');
INSERT INTO contracts (contract_id,customer_id,service_id,signed,deposit_amt) VALUES (11,11,11,0,'74.26');
INSERT INTO contracts (contract_id,customer_id,service_id,signed,deposit_amt) VALUES (12,12,12,0,'68.39');
INSERT INTO contracts (contract_id,customer_id,service_id,signed,deposit_amt) VALUES (13,13,13,0,'56.18');
INSERT INTO contracts (contract_id,customer_id,service_id,signed,deposit_amt) VALUES (14,14,14,1,'83.32');
INSERT INTO contracts (contract_id,customer_id,service_id,signed,deposit_amt) VALUES (15,15,15,0,'76.14');
INSERT INTO contracts (contract_id,customer_id,service_id,signed,deposit_amt) VALUES (16,16,16,1,'63.85');
INSERT INTO contracts (contract_id,customer_id,service_id,signed,deposit_amt) VALUES (17,17,17,1,'88.32');
INSERT INTO contracts (contract_id,customer_id,service_id,signed,deposit_amt) VALUES (18,18,18,1,'93.17');
INSERT INTO contracts (contract_id,customer_id,service_id,signed,deposit_amt) VALUES (19,19,19,1,'80.82');
INSERT INTO contracts (contract_id,customer_id,service_id,signed,deposit_amt) VALUES (20,20,20,1,'64.55');
INSERT INTO contracts (contract_id,customer_id,service_id,signed,deposit_amt) VALUES (21,21,21,0,'76.51');
INSERT INTO contracts (contract_id,customer_id,service_id,signed,deposit_amt) VALUES (22,22,22,1,'78.36');
INSERT INTO contracts (contract_id,customer_id,service_id,signed,deposit_amt) VALUES (23,23,23,1,'71.70');
INSERT INTO contracts (contract_id,customer_id,service_id,signed,deposit_amt) VALUES (24,24,24,0,'62.36');
INSERT INTO contracts (contract_id,customer_id,service_id,signed,deposit_amt) VALUES (25,25,25,1,'98.85');
INSERT INTO contracts (contract_id,customer_id,service_id,signed,deposit_amt) VALUES (26,26,26,1,'72.28');
INSERT INTO contracts (contract_id,customer_id,service_id,signed,deposit_amt) VALUES (27,27,27,1,'92.84');
INSERT INTO contracts (contract_id,customer_id,service_id,signed,deposit_amt) VALUES (28,28,28,0,'77.10');
INSERT INTO contracts (contract_id,customer_id,service_id,signed,deposit_amt) VALUES (29,29,29,0,'78.43');
INSERT INTO contracts (contract_id,customer_id,service_id,signed,deposit_amt) VALUES (30,30,30,1,'58.37');
INSERT INTO contracts (contract_id,customer_id,service_id,signed,deposit_amt) VALUES (31,31,31,1,'64.12');
INSERT INTO contracts (contract_id,customer_id,service_id,signed,deposit_amt) VALUES (32,32,32,0,'64.78');
INSERT INTO contracts (contract_id,customer_id,service_id,signed,deposit_amt) VALUES (33,33,33,1,'50.72');
INSERT INTO contracts (contract_id,customer_id,service_id,signed,deposit_amt) VALUES (34,34,34,1,'73.00');
INSERT INTO contracts (contract_id,customer_id,service_id,signed,deposit_amt) VALUES (35,35,35,0,'79.07');
INSERT INTO contracts (contract_id,customer_id,service_id,signed,deposit_amt) VALUES (36,36,36,1,'76.56');
INSERT INTO contracts (contract_id,customer_id,service_id,signed,deposit_amt) VALUES (37,37,37,0,'59.36');
INSERT INTO contracts (contract_id,customer_id,service_id,signed,deposit_amt) VALUES (38,38,38,0,'71.64');
INSERT INTO contracts (contract_id,customer_id,service_id,signed,deposit_amt) VALUES (39,39,39,1,'67.08');
INSERT INTO contracts (contract_id,customer_id,service_id,signed,deposit_amt) VALUES (40,40,40,0,'86.11');
INSERT INTO contracts (contract_id,customer_id,service_id,signed,deposit_amt) VALUES (41,41,41,1,'78.29');
INSERT INTO contracts (contract_id,customer_id,service_id,signed,deposit_amt) VALUES (42,42,42,0,'68.55');
INSERT INTO contracts (contract_id,customer_id,service_id,signed,deposit_amt) VALUES (43,43,43,1,'81.63');
INSERT INTO contracts (contract_id,customer_id,service_id,signed,deposit_amt) VALUES (44,44,44,0,'72.90');
INSERT INTO contracts (contract_id,customer_id,service_id,signed,deposit_amt) VALUES (45,45,45,1,'99.66');
INSERT INTO contracts (contract_id,customer_id,service_id,signed,deposit_amt) VALUES (46,46,46,1,'80.72');
INSERT INTO contracts (contract_id,customer_id,service_id,signed,deposit_amt) VALUES (47,47,47,1,'59.69');
INSERT INTO contracts (contract_id,customer_id,service_id,signed,deposit_amt) VALUES (48,48,48,1,'74.08');
INSERT INTO contracts (contract_id,customer_id,service_id,signed,deposit_amt) VALUES (49,49,49,1,'86.63');
INSERT INTO contracts (contract_id,customer_id,service_id,signed,deposit_amt) VALUES (50,50,50,0,'64.43');
INSERT INTO contracts (contract_id,customer_id,service_id,signed,deposit_amt) VALUES (51,51,51,0,'75.31');
INSERT INTO contracts (contract_id,customer_id,service_id,signed,deposit_amt) VALUES (52,52,52,1,'77.17');
INSERT INTO contracts (contract_id,customer_id,service_id,signed,deposit_amt) VALUES (53,53,53,0,'57.89');
INSERT INTO contracts (contract_id,customer_id,service_id,signed,deposit_amt) VALUES (54,54,54,1,'50.46');
INSERT INTO contracts (contract_id,customer_id,service_id,signed,deposit_amt) VALUES (55,55,55,1,'69.41');
INSERT INTO contracts (contract_id,customer_id,service_id,signed,deposit_amt) VALUES (56,56,56,1,'62.35');
INSERT INTO contracts (contract_id,customer_id,service_id,signed,deposit_amt) VALUES (57,57,57,0,'51.15');
INSERT INTO contracts (contract_id,customer_id,service_id,signed,deposit_amt) VALUES (58,58,58,1,'95.14');
INSERT INTO contracts (contract_id,customer_id,service_id,signed,deposit_amt) VALUES (59,59,59,0,'68.54');
INSERT INTO contracts (contract_id,customer_id,service_id,signed,deposit_amt) VALUES (60,60,60,0,'78.04');
INSERT INTO contracts (contract_id,customer_id,service_id,signed,deposit_amt) VALUES (61,61,61,0,'89.38');
INSERT INTO contracts (contract_id,customer_id,service_id,signed,deposit_amt) VALUES (62,62,62,1,'56.76');
INSERT INTO contracts (contract_id,customer_id,service_id,signed,deposit_amt) VALUES (63,63,63,0,'61.45');
INSERT INTO contracts (contract_id,customer_id,service_id,signed,deposit_amt) VALUES (64,64,64,0,'91.12');
INSERT INTO contracts (contract_id,customer_id,service_id,signed,deposit_amt) VALUES (65,65,65,0,'71.53');
INSERT INTO contracts (contract_id,customer_id,service_id,signed,deposit_amt) VALUES (66,66,66,1,'57.50');
INSERT INTO contracts (contract_id,customer_id,service_id,signed,deposit_amt) VALUES (67,67,67,0,'99.13');
INSERT INTO contracts (contract_id,customer_id,service_id,signed,deposit_amt) VALUES (68,68,68,0,'99.08');
INSERT INTO contracts (contract_id,customer_id,service_id,signed,deposit_amt) VALUES (69,69,69,0,'86.09');
INSERT INTO contracts (contract_id,customer_id,service_id,signed,deposit_amt) VALUES (70,70,70,1,'77.98');
INSERT INTO contracts (contract_id,customer_id,service_id,signed,deposit_amt) VALUES (71,71,71,1,'67.86');
INSERT INTO contracts (contract_id,customer_id,service_id,signed,deposit_amt) VALUES (72,72,72,0,'53.67');
INSERT INTO contracts (contract_id,customer_id,service_id,signed,deposit_amt) VALUES (73,73,73,1,'70.10');
INSERT INTO contracts (contract_id,customer_id,service_id,signed,deposit_amt) VALUES (74,74,74,1,'64.14');
INSERT INTO contracts (contract_id,customer_id,service_id,signed,deposit_amt) VALUES (75,75,75,1,'54.27');
INSERT INTO contracts (contract_id,customer_id,service_id,signed,deposit_amt) VALUES (76,76,76,0,'67.67');
INSERT INTO contracts (contract_id,customer_id,service_id,signed,deposit_amt) VALUES (77,77,77,0,'96.75');
INSERT INTO contracts (contract_id,customer_id,service_id,signed,deposit_amt) VALUES (78,78,78,1,'69.70');
INSERT INTO contracts (contract_id,customer_id,service_id,signed,deposit_amt) VALUES (79,79,79,1,'96.25');
INSERT INTO contracts (contract_id,customer_id,service_id,signed,deposit_amt) VALUES (80,80,80,1,'71.46');
INSERT INTO contracts (contract_id,customer_id,service_id,signed,deposit_amt) VALUES (81,81,81,1,'71.97');
INSERT INTO contracts (contract_id,customer_id,service_id,signed,deposit_amt) VALUES (82,82,82,1,'64.13');
INSERT INTO contracts (contract_id,customer_id,service_id,signed,deposit_amt) VALUES (83,83,83,0,'59.26');
INSERT INTO contracts (contract_id,customer_id,service_id,signed,deposit_amt) VALUES (84,84,84,1,'71.23');
INSERT INTO contracts (contract_id,customer_id,service_id,signed,deposit_amt) VALUES (85,85,85,0,'95.05');
INSERT INTO contracts (contract_id,customer_id,service_id,signed,deposit_amt) VALUES (86,86,86,1,'83.77');
INSERT INTO contracts (contract_id,customer_id,service_id,signed,deposit_amt) VALUES (87,87,87,1,'54.02');
INSERT INTO contracts (contract_id,customer_id,service_id,signed,deposit_amt) VALUES (88,88,88,1,'83.38');
INSERT INTO contracts (contract_id,customer_id,service_id,signed,deposit_amt) VALUES (89,89,89,1,'86.61');
INSERT INTO contracts (contract_id,customer_id,service_id,signed,deposit_amt) VALUES (90,90,90,0,'79.19');
INSERT INTO contracts (contract_id,customer_id,service_id,signed,deposit_amt) VALUES (91,91,91,1,'88.19');
INSERT INTO contracts (contract_id,customer_id,service_id,signed,deposit_amt) VALUES (92,92,92,0,'76.31');
INSERT INTO contracts (contract_id,customer_id,service_id,signed,deposit_amt) VALUES (93,93,93,0,'69.73');
INSERT INTO contracts (contract_id,customer_id,service_id,signed,deposit_amt) VALUES (94,94,94,1,'52.61');
INSERT INTO contracts (contract_id,customer_id,service_id,signed,deposit_amt) VALUES (95,95,95,0,'57.28');
INSERT INTO contracts (contract_id,customer_id,service_id,signed,deposit_amt) VALUES (96,96,96,1,'56.06');
INSERT INTO contracts (contract_id,customer_id,service_id,signed,deposit_amt) VALUES (97,97,97,1,'98.58');
INSERT INTO contracts (contract_id,customer_id,service_id,signed,deposit_amt) VALUES (98,98,98,1,'63.93');
INSERT INTO contracts (contract_id,customer_id,service_id,signed,deposit_amt) VALUES (99,99,99,1,'98.61');
INSERT INTO contracts (contract_id,customer_id,service_id,signed,deposit_amt) VALUES (100,100,100,1,'69.20');
INSERT INTO contracts (contract_id,customer_id,service_id,signed,deposit_amt) VALUES (101,97,97,1,'98.58');
INSERT INTO contracts (contract_id,customer_id,service_id,signed,deposit_amt) VALUES (102,98,98,1,'63.93');
INSERT INTO contracts (contract_id,customer_id,service_id,signed,deposit_amt) VALUES (103,99,99,1,'98.61');
INSERT INTO contracts (contract_id,customer_id,service_id,signed,deposit_amt) VALUES (104,100,100,1,'69.20');

--Role inserts
INSERT INTO roles (role_id,role_name,role_desc,active) VALUES (1,'Super Admin','All Access.',1);
INSERT INTO roles (role_id,role_name,role_desc,active) VALUES (2,'Admin','Access to everything except role changing.',0);
INSERT INTO roles (role_id,role_name,role_desc,active) VALUES (3,'Manager','Access to employee management.',0);
INSERT INTO roles (role_id,role_name,role_desc,active) VALUES (4,'Employee','Basic functionality.',0);

--Emp_Role inserts
INSERT INTO emp_roles (emp_role_id,emp_id,role_id) VALUES (1,1,1);
INSERT INTO emp_roles (emp_role_id,emp_id,role_id) VALUES (2,2,3);
INSERT INTO emp_roles (emp_role_id,emp_id,role_id) VALUES (3,3,1);
INSERT INTO emp_roles (emp_role_id,emp_id,role_id) VALUES (4,4,1);
INSERT INTO emp_roles (emp_role_id,emp_id,role_id) VALUES (5,5,4);

--Proof inserts
INSERT INTO proofs (proof_id,order_id) VALUES (1,1);
INSERT INTO proofs (proof_id,order_id) VALUES (2,2);
INSERT INTO proofs (proof_id,order_id) VALUES (3,3);
INSERT INTO proofs (proof_id,order_id) VALUES (4,4);
INSERT INTO proofs (proof_id,order_id) VALUES (5,5);
INSERT INTO proofs (proof_id,order_id) VALUES (6,6);
INSERT INTO proofs (proof_id,order_id) VALUES (7,7);
INSERT INTO proofs (proof_id,order_id) VALUES (8,8);
INSERT INTO proofs (proof_id,order_id) VALUES (9,9);
INSERT INTO proofs (proof_id,order_id) VALUES (10,10);
INSERT INTO proofs (proof_id,order_id) VALUES (11,11);
INSERT INTO proofs (proof_id,order_id) VALUES (12,12);
INSERT INTO proofs (proof_id,order_id) VALUES (13,13);
INSERT INTO proofs (proof_id,order_id) VALUES (14,14);
INSERT INTO proofs (proof_id,order_id) VALUES (15,15);
INSERT INTO proofs (proof_id,order_id) VALUES (16,16);
INSERT INTO proofs (proof_id,order_id) VALUES (17,17);
INSERT INTO proofs (proof_id,order_id) VALUES (18,18);
INSERT INTO proofs (proof_id,order_id) VALUES (19,19);
INSERT INTO proofs (proof_id,order_id) VALUES (20,20);
INSERT INTO proofs (proof_id,order_id) VALUES (21,21);
INSERT INTO proofs (proof_id,order_id) VALUES (22,22);
INSERT INTO proofs (proof_id,order_id) VALUES (23,23);
INSERT INTO proofs (proof_id,order_id) VALUES (24,24);
INSERT INTO proofs (proof_id,order_id) VALUES (25,25);
INSERT INTO proofs (proof_id,order_id) VALUES (26,26);
INSERT INTO proofs (proof_id,order_id) VALUES (27,27);
INSERT INTO proofs (proof_id,order_id) VALUES (28,28);
INSERT INTO proofs (proof_id,order_id) VALUES (29,29);
INSERT INTO proofs (proof_id,order_id) VALUES (30,30);
INSERT INTO proofs (proof_id,order_id) VALUES (31,31);
INSERT INTO proofs (proof_id,order_id) VALUES (32,32);
INSERT INTO proofs (proof_id,order_id) VALUES (33,33);
INSERT INTO proofs (proof_id,order_id) VALUES (34,34);
INSERT INTO proofs (proof_id,order_id) VALUES (35,35);
INSERT INTO proofs (proof_id,order_id) VALUES (36,36);
INSERT INTO proofs (proof_id,order_id) VALUES (37,37);
INSERT INTO proofs (proof_id,order_id) VALUES (38,38);
INSERT INTO proofs (proof_id,order_id) VALUES (39,39);
INSERT INTO proofs (proof_id,order_id) VALUES (40,40);
INSERT INTO proofs (proof_id,order_id) VALUES (41,41);
INSERT INTO proofs (proof_id,order_id) VALUES (42,42);
INSERT INTO proofs (proof_id,order_id) VALUES (43,43);
INSERT INTO proofs (proof_id,order_id) VALUES (44,44);
INSERT INTO proofs (proof_id,order_id) VALUES (45,45);
INSERT INTO proofs (proof_id,order_id) VALUES (46,46);
INSERT INTO proofs (proof_id,order_id) VALUES (47,47);
INSERT INTO proofs (proof_id,order_id) VALUES (48,48);
INSERT INTO proofs (proof_id,order_id) VALUES (49,49);
INSERT INTO proofs (proof_id,order_id) VALUES (50,50);
INSERT INTO proofs (proof_id,order_id) VALUES (51,51);
INSERT INTO proofs (proof_id,order_id) VALUES (52,52);
INSERT INTO proofs (proof_id,order_id) VALUES (53,53);
INSERT INTO proofs (proof_id,order_id) VALUES (54,54);
INSERT INTO proofs (proof_id,order_id) VALUES (55,55);
INSERT INTO proofs (proof_id,order_id) VALUES (56,56);
INSERT INTO proofs (proof_id,order_id) VALUES (57,57);
INSERT INTO proofs (proof_id,order_id) VALUES (58,58);
INSERT INTO proofs (proof_id,order_id) VALUES (59,59);
INSERT INTO proofs (proof_id,order_id) VALUES (60,60);
INSERT INTO proofs (proof_id,order_id) VALUES (61,61);
INSERT INTO proofs (proof_id,order_id) VALUES (62,62);
INSERT INTO proofs (proof_id,order_id) VALUES (63,63);
INSERT INTO proofs (proof_id,order_id) VALUES (64,64);
INSERT INTO proofs (proof_id,order_id) VALUES (65,65);
INSERT INTO proofs (proof_id,order_id) VALUES (66,66);
INSERT INTO proofs (proof_id,order_id) VALUES (67,67);
INSERT INTO proofs (proof_id,order_id) VALUES (68,68);
INSERT INTO proofs (proof_id,order_id) VALUES (69,69);
INSERT INTO proofs (proof_id,order_id) VALUES (70,70);
INSERT INTO proofs (proof_id,order_id) VALUES (71,71);
INSERT INTO proofs (proof_id,order_id) VALUES (72,72);
INSERT INTO proofs (proof_id,order_id) VALUES (73,73);
INSERT INTO proofs (proof_id,order_id) VALUES (74,74);
INSERT INTO proofs (proof_id,order_id) VALUES (75,75);
INSERT INTO proofs (proof_id,order_id) VALUES (76,76);
INSERT INTO proofs (proof_id,order_id) VALUES (77,77);
INSERT INTO proofs (proof_id,order_id) VALUES (78,78);
INSERT INTO proofs (proof_id,order_id) VALUES (79,79);
INSERT INTO proofs (proof_id,order_id) VALUES (80,80);
INSERT INTO proofs (proof_id,order_id) VALUES (81,81);
INSERT INTO proofs (proof_id,order_id) VALUES (82,82);
INSERT INTO proofs (proof_id,order_id) VALUES (83,83);
INSERT INTO proofs (proof_id,order_id) VALUES (84,84);
INSERT INTO proofs (proof_id,order_id) VALUES (85,85);
INSERT INTO proofs (proof_id,order_id) VALUES (86,86);
INSERT INTO proofs (proof_id,order_id) VALUES (87,87);
INSERT INTO proofs (proof_id,order_id) VALUES (88,88);
INSERT INTO proofs (proof_id,order_id) VALUES (89,89);
INSERT INTO proofs (proof_id,order_id) VALUES (90,90);
INSERT INTO proofs (proof_id,order_id) VALUES (91,91);
INSERT INTO proofs (proof_id,order_id) VALUES (92,92);
INSERT INTO proofs (proof_id,order_id) VALUES (93,93);
INSERT INTO proofs (proof_id,order_id) VALUES (94,94);
INSERT INTO proofs (proof_id,order_id) VALUES (95,95);
INSERT INTO proofs (proof_id,order_id) VALUES (96,96);
INSERT INTO proofs (proof_id,order_id) VALUES (97,97);
INSERT INTO proofs (proof_id,order_id) VALUES (98,98);
INSERT INTO proofs (proof_id,order_id) VALUES (99,99);
INSERT INTO proofs (proof_id,order_id) VALUES (100,100);

--Order Package inserts
INSERT INTO order_packages (order_package_id,package_id,order_id,quantity) VALUES (1,9,1,41);
INSERT INTO order_packages (order_package_id,package_id,order_id,quantity) VALUES (2,10,2,65);
INSERT INTO order_packages (order_package_id,package_id,order_id,quantity) VALUES (3,2,3,56);
INSERT INTO order_packages (order_package_id,package_id,order_id,quantity) VALUES (4,8,4,55);
INSERT INTO order_packages (order_package_id,package_id,order_id,quantity) VALUES (5,9,5,7);
INSERT INTO order_packages (order_package_id,package_id,order_id,quantity) VALUES (6,8,6,40);
INSERT INTO order_packages (order_package_id,package_id,order_id,quantity) VALUES (7,3,7,62);
INSERT INTO order_packages (order_package_id,package_id,order_id,quantity) VALUES (8,5,8,53);
INSERT INTO order_packages (order_package_id,package_id,order_id,quantity) VALUES (9,5,9,51);
INSERT INTO order_packages (order_package_id,package_id,order_id,quantity) VALUES (10,2,10,99);
INSERT INTO order_packages (order_package_id,package_id,order_id,quantity) VALUES (11,10,11,34);
INSERT INTO order_packages (order_package_id,package_id,order_id,quantity) VALUES (12,1,12,70);
INSERT INTO order_packages (order_package_id,package_id,order_id,quantity) VALUES (13,9,13,1);
INSERT INTO order_packages (order_package_id,package_id,order_id,quantity) VALUES (14,9,14,12);
INSERT INTO order_packages (order_package_id,package_id,order_id,quantity) VALUES (15,9,15,33);
INSERT INTO order_packages (order_package_id,package_id,order_id,quantity) VALUES (16,9,16,27);
INSERT INTO order_packages (order_package_id,package_id,order_id,quantity) VALUES (17,6,17,27);
INSERT INTO order_packages (order_package_id,package_id,order_id,quantity) VALUES (18,5,18,63);
INSERT INTO order_packages (order_package_id,package_id,order_id,quantity) VALUES (19,1,19,46);
INSERT INTO order_packages (order_package_id,package_id,order_id,quantity) VALUES (20,7,20,62);
INSERT INTO order_packages (order_package_id,package_id,order_id,quantity) VALUES (21,8,21,28);
INSERT INTO order_packages (order_package_id,package_id,order_id,quantity) VALUES (22,7,22,47);
INSERT INTO order_packages (order_package_id,package_id,order_id,quantity) VALUES (23,10,23,9);
INSERT INTO order_packages (order_package_id,package_id,order_id,quantity) VALUES (24,7,24,6);
INSERT INTO order_packages (order_package_id,package_id,order_id,quantity) VALUES (25,5,25,19);
INSERT INTO order_packages (order_package_id,package_id,order_id,quantity) VALUES (26,7,26,66);
INSERT INTO order_packages (order_package_id,package_id,order_id,quantity) VALUES (27,6,27,61);
INSERT INTO order_packages (order_package_id,package_id,order_id,quantity) VALUES (28,3,28,40);
INSERT INTO order_packages (order_package_id,package_id,order_id,quantity) VALUES (29,7,29,36);
INSERT INTO order_packages (order_package_id,package_id,order_id,quantity) VALUES (30,5,30,60);
INSERT INTO order_packages (order_package_id,package_id,order_id,quantity) VALUES (31,2,31,72);
INSERT INTO order_packages (order_package_id,package_id,order_id,quantity) VALUES (32,3,32,91);
INSERT INTO order_packages (order_package_id,package_id,order_id,quantity) VALUES (33,2,33,97);
INSERT INTO order_packages (order_package_id,package_id,order_id,quantity) VALUES (34,8,34,97);
INSERT INTO order_packages (order_package_id,package_id,order_id,quantity) VALUES (35,10,35,52);
INSERT INTO order_packages (order_package_id,package_id,order_id,quantity) VALUES (36,1,36,27);
INSERT INTO order_packages (order_package_id,package_id,order_id,quantity) VALUES (37,1,37,30);
INSERT INTO order_packages (order_package_id,package_id,order_id,quantity) VALUES (38,4,38,78);
INSERT INTO order_packages (order_package_id,package_id,order_id,quantity) VALUES (39,3,39,30);
INSERT INTO order_packages (order_package_id,package_id,order_id,quantity) VALUES (40,4,40,20);
INSERT INTO order_packages (order_package_id,package_id,order_id,quantity) VALUES (41,3,41,30);
INSERT INTO order_packages (order_package_id,package_id,order_id,quantity) VALUES (42,2,42,38);
INSERT INTO order_packages (order_package_id,package_id,order_id,quantity) VALUES (43,9,43,69);
INSERT INTO order_packages (order_package_id,package_id,order_id,quantity) VALUES (44,9,44,22);
INSERT INTO order_packages (order_package_id,package_id,order_id,quantity) VALUES (45,4,45,40);
INSERT INTO order_packages (order_package_id,package_id,order_id,quantity) VALUES (46,5,46,39);
INSERT INTO order_packages (order_package_id,package_id,order_id,quantity) VALUES (47,9,47,80);
INSERT INTO order_packages (order_package_id,package_id,order_id,quantity) VALUES (48,4,48,26);
INSERT INTO order_packages (order_package_id,package_id,order_id,quantity) VALUES (49,8,49,36);
INSERT INTO order_packages (order_package_id,package_id,order_id,quantity) VALUES (50,6,50,30);
INSERT INTO order_packages (order_package_id,package_id,order_id,quantity) VALUES (51,10,51,41);
INSERT INTO order_packages (order_package_id,package_id,order_id,quantity) VALUES (52,10,52,85);
INSERT INTO order_packages (order_package_id,package_id,order_id,quantity) VALUES (53,4,53,59);
INSERT INTO order_packages (order_package_id,package_id,order_id,quantity) VALUES (54,2,54,75);
INSERT INTO order_packages (order_package_id,package_id,order_id,quantity) VALUES (55,4,55,50);
INSERT INTO order_packages (order_package_id,package_id,order_id,quantity) VALUES (56,10,56,17);
INSERT INTO order_packages (order_package_id,package_id,order_id,quantity) VALUES (57,10,57,50);
INSERT INTO order_packages (order_package_id,package_id,order_id,quantity) VALUES (58,5,58,13);
INSERT INTO order_packages (order_package_id,package_id,order_id,quantity) VALUES (59,7,59,98);
INSERT INTO order_packages (order_package_id,package_id,order_id,quantity) VALUES (60,1,60,47);
INSERT INTO order_packages (order_package_id,package_id,order_id,quantity) VALUES (61,2,61,21);
INSERT INTO order_packages (order_package_id,package_id,order_id,quantity) VALUES (62,10,62,27);
INSERT INTO order_packages (order_package_id,package_id,order_id,quantity) VALUES (63,10,63,53);
INSERT INTO order_packages (order_package_id,package_id,order_id,quantity) VALUES (64,9,64,12);
INSERT INTO order_packages (order_package_id,package_id,order_id,quantity) VALUES (65,4,65,87);
INSERT INTO order_packages (order_package_id,package_id,order_id,quantity) VALUES (66,3,66,87);
INSERT INTO order_packages (order_package_id,package_id,order_id,quantity) VALUES (67,6,67,86);
INSERT INTO order_packages (order_package_id,package_id,order_id,quantity) VALUES (68,10,68,36);
INSERT INTO order_packages (order_package_id,package_id,order_id,quantity) VALUES (69,5,69,51);
INSERT INTO order_packages (order_package_id,package_id,order_id,quantity) VALUES (70,2,70,27);
INSERT INTO order_packages (order_package_id,package_id,order_id,quantity) VALUES (71,2,71,17);
INSERT INTO order_packages (order_package_id,package_id,order_id,quantity) VALUES (72,6,72,91);
INSERT INTO order_packages (order_package_id,package_id,order_id,quantity) VALUES (73,9,73,93);
INSERT INTO order_packages (order_package_id,package_id,order_id,quantity) VALUES (74,9,74,59);
INSERT INTO order_packages (order_package_id,package_id,order_id,quantity) VALUES (75,10,75,31);
INSERT INTO order_packages (order_package_id,package_id,order_id,quantity) VALUES (76,2,76,77);
INSERT INTO order_packages (order_package_id,package_id,order_id,quantity) VALUES (77,1,77,66);
INSERT INTO order_packages (order_package_id,package_id,order_id,quantity) VALUES (78,8,78,8);
INSERT INTO order_packages (order_package_id,package_id,order_id,quantity) VALUES (79,5,79,85);
INSERT INTO order_packages (order_package_id,package_id,order_id,quantity) VALUES (80,3,80,4);
INSERT INTO order_packages (order_package_id,package_id,order_id,quantity) VALUES (81,9,81,13);
INSERT INTO order_packages (order_package_id,package_id,order_id,quantity) VALUES (82,8,82,88);
INSERT INTO order_packages (order_package_id,package_id,order_id,quantity) VALUES (83,1,83,66);
INSERT INTO order_packages (order_package_id,package_id,order_id,quantity) VALUES (84,8,84,59);
INSERT INTO order_packages (order_package_id,package_id,order_id,quantity) VALUES (85,5,85,89);
INSERT INTO order_packages (order_package_id,package_id,order_id,quantity) VALUES (86,3,86,77);
INSERT INTO order_packages (order_package_id,package_id,order_id,quantity) VALUES (87,8,87,24);
INSERT INTO order_packages (order_package_id,package_id,order_id,quantity) VALUES (88,1,88,59);
INSERT INTO order_packages (order_package_id,package_id,order_id,quantity) VALUES (89,1,89,86);
INSERT INTO order_packages (order_package_id,package_id,order_id,quantity) VALUES (90,3,90,26);
INSERT INTO order_packages (order_package_id,package_id,order_id,quantity) VALUES (91,4,91,57);
INSERT INTO order_packages (order_package_id,package_id,order_id,quantity) VALUES (92,9,92,95);
INSERT INTO order_packages (order_package_id,package_id,order_id,quantity) VALUES (93,3,93,22);
INSERT INTO order_packages (order_package_id,package_id,order_id,quantity) VALUES (94,1,94,10);
INSERT INTO order_packages (order_package_id,package_id,order_id,quantity) VALUES (95,4,95,44);
INSERT INTO order_packages (order_package_id,package_id,order_id,quantity) VALUES (96,5,96,4);
INSERT INTO order_packages (order_package_id,package_id,order_id,quantity) VALUES (97,4,97,28);
INSERT INTO order_packages (order_package_id,package_id,order_id,quantity) VALUES (98,10,98,73);
INSERT INTO order_packages (order_package_id,package_id,order_id,quantity) VALUES (99,4,99,13);
INSERT INTO order_packages (order_package_id,package_id,order_id,quantity) VALUES (100,1,100,11);

--Emp_services insert
INSERT INTO emp_services (service_id,emp_id,assist_emp_id) VALUES (1,5,4);
INSERT INTO emp_services (service_id,emp_id,assist_emp_id) VALUES (2,11,1);
INSERT INTO emp_services (service_id,emp_id,assist_emp_id) VALUES (3,6,1);
INSERT INTO emp_services (service_id,emp_id,assist_emp_id) VALUES (4,6,14);
INSERT INTO emp_services (service_id,emp_id,assist_emp_id) VALUES (5,1,9);
INSERT INTO emp_services (service_id,emp_id,assist_emp_id) VALUES (6,8,9);
INSERT INTO emp_services (service_id,emp_id,assist_emp_id) VALUES (7,7,6);
INSERT INTO emp_services (service_id,emp_id,assist_emp_id) VALUES (8,7,5);
INSERT INTO emp_services (service_id,emp_id,assist_emp_id) VALUES (9,6,7);
INSERT INTO emp_services (service_id,emp_id,assist_emp_id) VALUES (10,4,7);
INSERT INTO emp_services (service_id,emp_id,assist_emp_id) VALUES (11,5,1);
INSERT INTO emp_services (service_id,emp_id,assist_emp_id) VALUES (12,12,4);
INSERT INTO emp_services (service_id,emp_id,assist_emp_id) VALUES (13,7,5);
INSERT INTO emp_services (service_id,emp_id,assist_emp_id) VALUES (14,9,4);
INSERT INTO emp_services (service_id,emp_id,assist_emp_id) VALUES (15,3,11);
INSERT INTO emp_services (service_id,emp_id,assist_emp_id) VALUES (16,14,1);
INSERT INTO emp_services (service_id,emp_id,assist_emp_id) VALUES (17,8,2);
INSERT INTO emp_services (service_id,emp_id,assist_emp_id) VALUES (18,6,6);
INSERT INTO emp_services (service_id,emp_id,assist_emp_id) VALUES (19,13,12);
INSERT INTO emp_services (service_id,emp_id,assist_emp_id) VALUES (20,14,9);
INSERT INTO emp_services (service_id,emp_id,assist_emp_id) VALUES (21,3,2);
INSERT INTO emp_services (service_id,emp_id,assist_emp_id) VALUES (22,5,12);
INSERT INTO emp_services (service_id,emp_id,assist_emp_id) VALUES (23,2,9);
INSERT INTO emp_services (service_id,emp_id,assist_emp_id) VALUES (24,3,12);
INSERT INTO emp_services (service_id,emp_id,assist_emp_id) VALUES (25,1,9);
INSERT INTO emp_services (service_id,emp_id,assist_emp_id) VALUES (26,11,13);
INSERT INTO emp_services (service_id,emp_id,assist_emp_id) VALUES (27,5,7);
INSERT INTO emp_services (service_id,emp_id,assist_emp_id) VALUES (28,14,3);
INSERT INTO emp_services (service_id,emp_id,assist_emp_id) VALUES (29,7,13);
INSERT INTO emp_services (service_id,emp_id,assist_emp_id) VALUES (30,12,2);
INSERT INTO emp_services (service_id,emp_id,assist_emp_id) VALUES (31,12,12);
INSERT INTO emp_services (service_id,emp_id,assist_emp_id) VALUES (32,12,4);
INSERT INTO emp_services (service_id,emp_id,assist_emp_id) VALUES (33,9,9);
INSERT INTO emp_services (service_id,emp_id,assist_emp_id) VALUES (34,1,7);
INSERT INTO emp_services (service_id,emp_id,assist_emp_id) VALUES (35,3,12);
INSERT INTO emp_services (service_id,emp_id,assist_emp_id) VALUES (36,5,10);
INSERT INTO emp_services (service_id,emp_id,assist_emp_id) VALUES (37,12,13);
INSERT INTO emp_services (service_id,emp_id,assist_emp_id) VALUES (38,13,2);
INSERT INTO emp_services (service_id,emp_id,assist_emp_id) VALUES (39,12,4);
INSERT INTO emp_services (service_id,emp_id,assist_emp_id) VALUES (40,7,2);
INSERT INTO emp_services (service_id,emp_id,assist_emp_id) VALUES (41,12,13);
INSERT INTO emp_services (service_id,emp_id,assist_emp_id) VALUES (42,12,4);
INSERT INTO emp_services (service_id,emp_id,assist_emp_id) VALUES (43,14,1);
INSERT INTO emp_services (service_id,emp_id,assist_emp_id) VALUES (44,14,11);
INSERT INTO emp_services (service_id,emp_id,assist_emp_id) VALUES (45,8,5);
INSERT INTO emp_services (service_id,emp_id,assist_emp_id) VALUES (46,6,5);
INSERT INTO emp_services (service_id,emp_id,assist_emp_id) VALUES (47,13,3);
INSERT INTO emp_services (service_id,emp_id,assist_emp_id) VALUES (48,9,12);
INSERT INTO emp_services (service_id,emp_id,assist_emp_id) VALUES (49,8,6);
INSERT INTO emp_services (service_id,emp_id,assist_emp_id) VALUES (50,14,1);
INSERT INTO emp_services (service_id,emp_id,assist_emp_id) VALUES (51,2,6);
INSERT INTO emp_services (service_id,emp_id,assist_emp_id) VALUES (52,10,5);
INSERT INTO emp_services (service_id,emp_id,assist_emp_id) VALUES (53,2,2);
INSERT INTO emp_services (service_id,emp_id,assist_emp_id) VALUES (54,14,10);
INSERT INTO emp_services (service_id,emp_id,assist_emp_id) VALUES (55,10,12);
INSERT INTO emp_services (service_id,emp_id,assist_emp_id) VALUES (56,12,14);
INSERT INTO emp_services (service_id,emp_id,assist_emp_id) VALUES (57,9,8);
INSERT INTO emp_services (service_id,emp_id,assist_emp_id) VALUES (58,4,2);
INSERT INTO emp_services (service_id,emp_id,assist_emp_id) VALUES (59,14,13);
INSERT INTO emp_services (service_id,emp_id,assist_emp_id) VALUES (60,14,7);
INSERT INTO emp_services (service_id,emp_id,assist_emp_id) VALUES (61,3,10);
INSERT INTO emp_services (service_id,emp_id,assist_emp_id) VALUES (62,4,14);
INSERT INTO emp_services (service_id,emp_id,assist_emp_id) VALUES (63,5,11);
INSERT INTO emp_services (service_id,emp_id,assist_emp_id) VALUES (64,11,10);
INSERT INTO emp_services (service_id,emp_id,assist_emp_id) VALUES (65,14,2);
INSERT INTO emp_services (service_id,emp_id,assist_emp_id) VALUES (66,10,4);
INSERT INTO emp_services (service_id,emp_id,assist_emp_id) VALUES (67,9,11);
INSERT INTO emp_services (service_id,emp_id,assist_emp_id) VALUES (68,9,5);
INSERT INTO emp_services (service_id,emp_id,assist_emp_id) VALUES (69,3,1);
INSERT INTO emp_services (service_id,emp_id,assist_emp_id) VALUES (70,5,5);
INSERT INTO emp_services (service_id,emp_id,assist_emp_id) VALUES (71,2,1);
INSERT INTO emp_services (service_id,emp_id,assist_emp_id) VALUES (72,5,2);
INSERT INTO emp_services (service_id,emp_id,assist_emp_id) VALUES (73,13,6);
INSERT INTO emp_services (service_id,emp_id,assist_emp_id) VALUES (74,13,13);
INSERT INTO emp_services (service_id,emp_id,assist_emp_id) VALUES (75,9,4);
INSERT INTO emp_services (service_id,emp_id,assist_emp_id) VALUES (76,3,8);
INSERT INTO emp_services (service_id,emp_id,assist_emp_id) VALUES (77,12,12);
INSERT INTO emp_services (service_id,emp_id,assist_emp_id) VALUES (78,9,14);
INSERT INTO emp_services (service_id,emp_id,assist_emp_id) VALUES (79,1,6);
INSERT INTO emp_services (service_id,emp_id,assist_emp_id) VALUES (80,8,11);
INSERT INTO emp_services (service_id,emp_id,assist_emp_id) VALUES (81,5,14);
INSERT INTO emp_services (service_id,emp_id,assist_emp_id) VALUES (82,3,11);
INSERT INTO emp_services (service_id,emp_id,assist_emp_id) VALUES (83,4,14);
INSERT INTO emp_services (service_id,emp_id,assist_emp_id) VALUES (84,8,14);
INSERT INTO emp_services (service_id,emp_id,assist_emp_id) VALUES (85,6,8);
INSERT INTO emp_services (service_id,emp_id,assist_emp_id) VALUES (86,3,4);
INSERT INTO emp_services (service_id,emp_id,assist_emp_id) VALUES (87,10,2);
INSERT INTO emp_services (service_id,emp_id,assist_emp_id) VALUES (88,6,10);
INSERT INTO emp_services (service_id,emp_id,assist_emp_id) VALUES (89,4,5);
INSERT INTO emp_services (service_id,emp_id,assist_emp_id) VALUES (90,7,11);
INSERT INTO emp_services (service_id,emp_id,assist_emp_id) VALUES (91,5,3);
INSERT INTO emp_services (service_id,emp_id,assist_emp_id) VALUES (92,11,12);
INSERT INTO emp_services (service_id,emp_id,assist_emp_id) VALUES (93,2,3);
INSERT INTO emp_services (service_id,emp_id,assist_emp_id) VALUES (94,1,7);
INSERT INTO emp_services (service_id,emp_id,assist_emp_id) VALUES (95,14,5);
INSERT INTO emp_services (service_id,emp_id,assist_emp_id) VALUES (96,4,12);
INSERT INTO emp_services (service_id,emp_id,assist_emp_id) VALUES (97,1,9);
INSERT INTO emp_services (service_id,emp_id,assist_emp_id) VALUES (98,7,7);
INSERT INTO emp_services (service_id,emp_id,assist_emp_id) VALUES (99,1,1);
INSERT INTO emp_services (service_id,emp_id,assist_emp_id) VALUES (100,12,7);

--Emp_availability insert
INSERT INTO emp_availability (available_id,start_time,end_time,emp_id) VALUES (1,timestamp '2019-05-01 03:46:40',timestamp '2019-05-01 09:17:13',13);
INSERT INTO emp_availability (available_id,start_time,end_time,emp_id) VALUES (2,timestamp '2019-05-01 00:13:10',timestamp '2019-05-01 08:21:06',11);
INSERT INTO emp_availability (available_id,start_time,end_time,emp_id) VALUES (3,timestamp '2019-05-01 04:44:02',timestamp '2019-05-02 23:29:38',14);
INSERT INTO emp_availability (available_id,start_time,end_time,emp_id) VALUES (4,timestamp '2019-05-01 00:29:43',timestamp '2019-05-01 21:51:39',4);
INSERT INTO emp_availability (available_id,start_time,end_time,emp_id) VALUES (5,timestamp '2019-05-01 06:33:05',timestamp '2019-05-01 15:01:06',12);
INSERT INTO emp_availability (available_id,start_time,end_time,emp_id) VALUES (6,timestamp '2019-05-02 00:02:57',timestamp '2019-05-02 15:44:11',15);
INSERT INTO emp_availability (available_id,start_time,end_time,emp_id) VALUES (7,timestamp '2019-05-01 12:07:30',timestamp '2019-05-01 16:35:24',13);
INSERT INTO emp_availability (available_id,start_time,end_time,emp_id) VALUES (8,timestamp '2019-05-01 14:07:41',timestamp '2019-05-01 15:14:35',9);
INSERT INTO emp_availability (available_id,start_time,end_time,emp_id) VALUES (9,timestamp '2019-05-02 03:11:16',timestamp '2019-05-02 11:27:27',11);
INSERT INTO emp_availability (available_id,start_time,end_time,emp_id) VALUES (10,timestamp '2019-05-01 00:40:41',timestamp '2019-05-01 02:03:17',14);
INSERT INTO emp_availability (available_id,start_time,end_time,emp_id) VALUES (11,timestamp '2019-05-01 00:14:55',timestamp '2019-05-01 09:57:49',8);
INSERT INTO emp_availability (available_id,start_time,end_time,emp_id) VALUES (12,timestamp '2019-05-01 12:03:16',timestamp '2019-05-01 18:28:00',15);
INSERT INTO emp_availability (available_id,start_time,end_time,emp_id) VALUES (13,timestamp '2019-05-01 18:52:00',timestamp '2019-05-01 23:48:41',2);
INSERT INTO emp_availability (available_id,start_time,end_time,emp_id) VALUES (14,timestamp '2019-05-02 02:04:33',timestamp '2019-05-02 19:39:34',4);

                                 
--Pictures insert
INSERT INTO pictures (pic_id,file_path,service_id) VALUES (1,'C:/Album',4);
INSERT INTO pictures (pic_id,file_path,service_id) VALUES (2,'C:/Album',8);
INSERT INTO pictures (pic_id,file_path,service_id) VALUES (3,'C:/Album',4);
INSERT INTO pictures (pic_id,file_path,service_id) VALUES (4,'C:/Album',10);
INSERT INTO pictures (pic_id,file_path,service_id) VALUES (5,'C:/Album',3);
INSERT INTO pictures (pic_id,file_path,service_id) VALUES (6,'C:/Album',4);
INSERT INTO pictures (pic_id,file_path,service_id) VALUES (7,'C:/Album',2);
INSERT INTO pictures (pic_id,file_path,service_id) VALUES (8,'C:/Album',10);
INSERT INTO pictures (pic_id,file_path,service_id) VALUES (9,'C:/Album',10);
INSERT INTO pictures (pic_id,file_path,service_id) VALUES (10,'C:/Album',9);
INSERT INTO pictures (pic_id,file_path,service_id) VALUES (11,'C:/Album',2);
INSERT INTO pictures (pic_id,file_path,service_id) VALUES (12,'C:/Album',4);
INSERT INTO pictures (pic_id,file_path,service_id) VALUES (13,'C:/Album',7);
INSERT INTO pictures (pic_id,file_path,service_id) VALUES (14,'C:/Album',7);
INSERT INTO pictures (pic_id,file_path,service_id) VALUES (15,'C:/Album',6);
INSERT INTO pictures (pic_id,file_path,service_id) VALUES (16,'C:/Album',1);
INSERT INTO pictures (pic_id,file_path,service_id) VALUES (17,'C:/Album',3);
INSERT INTO pictures (pic_id,file_path,service_id) VALUES (18,'C:/Album',3);
INSERT INTO pictures (pic_id,file_path,service_id) VALUES (19,'C:/Album',8);
INSERT INTO pictures (pic_id,file_path,service_id) VALUES (20,'C:/Album',6);
INSERT INTO pictures (pic_id,file_path,service_id) VALUES (21,'C:/Album',10);
INSERT INTO pictures (pic_id,file_path,service_id) VALUES (22,'C:/Album',3);
INSERT INTO pictures (pic_id,file_path,service_id) VALUES (23,'C:/Album',5);
INSERT INTO pictures (pic_id,file_path,service_id) VALUES (24,'C:/Album',5);
INSERT INTO pictures (pic_id,file_path,service_id) VALUES (25,'C:/Album',1);
INSERT INTO pictures (pic_id,file_path,service_id) VALUES (26,'C:/Album',2);
INSERT INTO pictures (pic_id,file_path,service_id) VALUES (27,'C:/Album',6);
INSERT INTO pictures (pic_id,file_path,service_id) VALUES (28,'C:/Album',3);
INSERT INTO pictures (pic_id,file_path,service_id) VALUES (29,'C:/Album',2);
INSERT INTO pictures (pic_id,file_path,service_id) VALUES (30,'C:/Album',7);
INSERT INTO pictures (pic_id,file_path,service_id) VALUES (31,'C:/Album',7);
INSERT INTO pictures (pic_id,file_path,service_id) VALUES (32,'C:/Album',6);
INSERT INTO pictures (pic_id,file_path,service_id) VALUES (33,'C:/Album',7);
INSERT INTO pictures (pic_id,file_path,service_id) VALUES (34,'C:/Album',8);
INSERT INTO pictures (pic_id,file_path,service_id) VALUES (35,'C:/Album',3);
INSERT INTO pictures (pic_id,file_path,service_id) VALUES (36,'C:/Album',9);
INSERT INTO pictures (pic_id,file_path,service_id) VALUES (37,'C:/Album',5);
INSERT INTO pictures (pic_id,file_path,service_id) VALUES (38,'C:/Album',4);
INSERT INTO pictures (pic_id,file_path,service_id) VALUES (39,'C:/Album',3);
INSERT INTO pictures (pic_id,file_path,service_id) VALUES (40,'C:/Album',7);
INSERT INTO pictures (pic_id,file_path,service_id) VALUES (41,'C:/Album',4);
INSERT INTO pictures (pic_id,file_path,service_id) VALUES (42,'C:/Album',9);
INSERT INTO pictures (pic_id,file_path,service_id) VALUES (43,'C:/Album',7);
INSERT INTO pictures (pic_id,file_path,service_id) VALUES (44,'C:/Album',8);
INSERT INTO pictures (pic_id,file_path,service_id) VALUES (45,'C:/Album',4);
INSERT INTO pictures (pic_id,file_path,service_id) VALUES (46,'C:/Album',6);
INSERT INTO pictures (pic_id,file_path,service_id) VALUES (47,'C:/Album',4);
INSERT INTO pictures (pic_id,file_path,service_id) VALUES (48,'C:/Album',2);
INSERT INTO pictures (pic_id,file_path,service_id) VALUES (49,'C:/Album',9);
INSERT INTO pictures (pic_id,file_path,service_id) VALUES (50,'C:/Album',5);
INSERT INTO pictures (pic_id,file_path,service_id) VALUES (51,'C:/Album',1);
INSERT INTO pictures (pic_id,file_path,service_id) VALUES (52,'C:/Album',8);
INSERT INTO pictures (pic_id,file_path,service_id) VALUES (53,'C:/Album',1);
INSERT INTO pictures (pic_id,file_path,service_id) VALUES (54,'C:/Album',9);
INSERT INTO pictures (pic_id,file_path,service_id) VALUES (55,'C:/Album',8);
INSERT INTO pictures (pic_id,file_path,service_id) VALUES (56,'C:/Album',5);
INSERT INTO pictures (pic_id,file_path,service_id) VALUES (57,'C:/Album',2);
INSERT INTO pictures (pic_id,file_path,service_id) VALUES (58,'C:/Album',5);
INSERT INTO pictures (pic_id,file_path,service_id) VALUES (59,'C:/Album',6);
INSERT INTO pictures (pic_id,file_path,service_id) VALUES (60,'C:/Album',9);
INSERT INTO pictures (pic_id,file_path,service_id) VALUES (61,'C:/Album',4);
INSERT INTO pictures (pic_id,file_path,service_id) VALUES (62,'C:/Album',3);
INSERT INTO pictures (pic_id,file_path,service_id) VALUES (63,'C:/Album',3);
INSERT INTO pictures (pic_id,file_path,service_id) VALUES (64,'C:/Album',4);
INSERT INTO pictures (pic_id,file_path,service_id) VALUES (65,'C:/Album',4);
INSERT INTO pictures (pic_id,file_path,service_id) VALUES (66,'C:/Album',1);
INSERT INTO pictures (pic_id,file_path,service_id) VALUES (67,'C:/Album',10);
INSERT INTO pictures (pic_id,file_path,service_id) VALUES (68,'C:/Album',9);
INSERT INTO pictures (pic_id,file_path,service_id) VALUES (69,'C:/Album',2);
INSERT INTO pictures (pic_id,file_path,service_id) VALUES (70,'C:/Album',5);
INSERT INTO pictures (pic_id,file_path,service_id) VALUES (71,'C:/Album',2);
INSERT INTO pictures (pic_id,file_path,service_id) VALUES (72,'C:/Album',6);
INSERT INTO pictures (pic_id,file_path,service_id) VALUES (73,'C:/Album',10);
INSERT INTO pictures (pic_id,file_path,service_id) VALUES (74,'C:/Album',3);
INSERT INTO pictures (pic_id,file_path,service_id) VALUES (75,'C:/Album',6);
INSERT INTO pictures (pic_id,file_path,service_id) VALUES (76,'C:/Album',5);
INSERT INTO pictures (pic_id,file_path,service_id) VALUES (77,'C:/Album',7);
INSERT INTO pictures (pic_id,file_path,service_id) VALUES (78,'C:/Album',4);
INSERT INTO pictures (pic_id,file_path,service_id) VALUES (79,'C:/Album',3);
INSERT INTO pictures (pic_id,file_path,service_id) VALUES (80,'C:/Album',2);
INSERT INTO pictures (pic_id,file_path,service_id) VALUES (81,'C:/Album',1);
INSERT INTO pictures (pic_id,file_path,service_id) VALUES (82,'C:/Album',8);
INSERT INTO pictures (pic_id,file_path,service_id) VALUES (83,'C:/Album',7);
INSERT INTO pictures (pic_id,file_path,service_id) VALUES (84,'C:/Album',8);
INSERT INTO pictures (pic_id,file_path,service_id) VALUES (85,'C:/Album',1);
INSERT INTO pictures (pic_id,file_path,service_id) VALUES (86,'C:/Album',1);
INSERT INTO pictures (pic_id,file_path,service_id) VALUES (87,'C:/Album',4);
INSERT INTO pictures (pic_id,file_path,service_id) VALUES (88,'C:/Album',7);
INSERT INTO pictures (pic_id,file_path,service_id) VALUES (89,'C:/Album',8);
INSERT INTO pictures (pic_id,file_path,service_id) VALUES (90,'C:/Album',7);
INSERT INTO pictures (pic_id,file_path,service_id) VALUES (91,'C:/Album',3);
INSERT INTO pictures (pic_id,file_path,service_id) VALUES (92,'C:/Album',6);
INSERT INTO pictures (pic_id,file_path,service_id) VALUES (93,'C:/Album',2);
INSERT INTO pictures (pic_id,file_path,service_id) VALUES (94,'C:/Album',1);
INSERT INTO pictures (pic_id,file_path,service_id) VALUES (95,'C:/Album',2);
INSERT INTO pictures (pic_id,file_path,service_id) VALUES (96,'C:/Album',9);
INSERT INTO pictures (pic_id,file_path,service_id) VALUES (97,'C:/Album',2);
INSERT INTO pictures (pic_id,file_path,service_id) VALUES (98,'C:/Album',3);
INSERT INTO pictures (pic_id,file_path,service_id) VALUES (99,'C:/Album',2);
INSERT INTO pictures (pic_id,file_path,service_id) VALUES (100,'C:/Album',9);

--Reviews insert
INSERT INTO reviews (review_id,review,service_id) VALUES (1,'lectus convallis est, vitae sodales nisi magna sed dui. Fusce',7);
INSERT INTO reviews (review_id,review,service_id) VALUES (2,'auctor velit. Aliquam nisl. Nulla eu neque pellentesque massa lobortis',2);
INSERT INTO reviews (review_id,review,service_id) VALUES (3,'senectus et netus et malesuada fames ac turpis egestas. Fusce',5);
INSERT INTO reviews (review_id,review,service_id) VALUES (4,'auctor. Mauris vel turpis. Aliquam adipiscing lobortis risus. In mi',10);
INSERT INTO reviews (review_id,review,service_id) VALUES (5,'justo eu arcu. Morbi sit amet massa. Quisque porttitor eros',3);
INSERT INTO reviews (review_id,review,service_id) VALUES (6,'et ipsum cursus vestibulum. Mauris magna. Duis dignissim tempor arcu.',4);
INSERT INTO reviews (review_id,review,service_id) VALUES (7,'primis in faucibus orci luctus et ultrices posuere cubilia Curae;',5);
INSERT INTO reviews (review_id,review,service_id) VALUES (8,'Pellentesque ultricies dignissim lacus. Aliquam rutrum lorem ac risus. Morbi',2);
INSERT INTO reviews (review_id,review,service_id) VALUES (9,'ac turpis egestas. Fusce aliquet magna a neque. Nullam ut',3);
INSERT INTO reviews (review_id,review,service_id) VALUES (10,'in aliquet lobortis, nisi nibh lacinia orci, consectetuer euismod est',10);
INSERT INTO reviews (review_id,review,service_id) VALUES (11,'malesuada fames ac turpis egestas. Aliquam fringilla cursus purus. Nullam',7);
INSERT INTO reviews (review_id,review,service_id) VALUES (12,'non enim commodo hendrerit. Donec porttitor tellus non magna. Nam',3);
INSERT INTO reviews (review_id,review,service_id) VALUES (13,'Cras vehicula aliquet libero. Integer in magna. Phasellus dolor elit,',8);
INSERT INTO reviews (review_id,review,service_id) VALUES (14,'vulputate eu, odio. Phasellus at augue id ante dictum cursus.',4);
INSERT INTO reviews (review_id,review,service_id) VALUES (15,'dolor. Quisque tincidunt pede ac urna. Ut tincidunt vehicula risus.',6);
INSERT INTO reviews (review_id,review,service_id) VALUES (16,'sem, consequat nec, mollis vitae, posuere at, velit. Cras lorem',4);
INSERT INTO reviews (review_id,review,service_id) VALUES (17,'metus sit amet ante. Vivamus non lorem vitae odio sagittis',6);
INSERT INTO reviews (review_id,review,service_id) VALUES (18,'nulla. Donec non justo. Proin non massa non ante bibendum',9);
INSERT INTO reviews (review_id,review,service_id) VALUES (19,'magnis dis parturient montes, nascetur ridiculus mus. Proin vel arcu',8);
INSERT INTO reviews (review_id,review,service_id) VALUES (20,'Aliquam nec enim. Nunc ut erat. Sed nunc est, mollis',8);
INSERT INTO reviews (review_id,review,service_id) VALUES (21,'sodales. Mauris blandit enim consequat purus. Maecenas libero est, congue',10);
INSERT INTO reviews (review_id,review,service_id) VALUES (22,'lacus, varius et, euismod et, commodo at, libero. Morbi accumsan',4);
INSERT INTO reviews (review_id,review,service_id) VALUES (23,'scelerisque dui. Suspendisse ac metus vitae velit egestas lacinia. Sed',5);
INSERT INTO reviews (review_id,review,service_id) VALUES (24,'Nunc mauris elit, dictum eu, eleifend nec, malesuada ut, sem.',2);
INSERT INTO reviews (review_id,review,service_id) VALUES (25,'quam, elementum at, egestas a, scelerisque sed, sapien. Nunc pulvinar',1);
INSERT INTO reviews (review_id,review,service_id) VALUES (26,'tortor at risus. Nunc ac sem ut dolor dapibus gravida.',7);
INSERT INTO reviews (review_id,review,service_id) VALUES (27,'malesuada vel, convallis in, cursus et, eros. Proin ultrices. Duis',4);
INSERT INTO reviews (review_id,review,service_id) VALUES (28,'ac mattis velit justo nec ante. Maecenas mi felis, adipiscing',10);
INSERT INTO reviews (review_id,review,service_id) VALUES (29,'vel, faucibus id, libero. Donec consectetuer mauris id sapien. Cras',6);
INSERT INTO reviews (review_id,review,service_id) VALUES (30,'urna et arcu imperdiet ullamcorper. Duis at lacus. Quisque purus',1);
INSERT INTO reviews (review_id,review,service_id) VALUES (31,'et tristique pellentesque, tellus sem mollis dui, in sodales elit',5);
INSERT INTO reviews (review_id,review,service_id) VALUES (32,'semper. Nam tempor diam dictum sapien. Aenean massa. Integer vitae',7);
INSERT INTO reviews (review_id,review,service_id) VALUES (33,'Proin mi. Aliquam gravida mauris ut mi. Duis risus odio,',10);
INSERT INTO reviews (review_id,review,service_id) VALUES (34,'est, congue a, aliquet vel, vulputate eu, odio. Phasellus at',6);
INSERT INTO reviews (review_id,review,service_id) VALUES (35,'leo elementum sem, vitae aliquam eros turpis non enim. Mauris',10);
INSERT INTO reviews (review_id,review,service_id) VALUES (36,'nec, malesuada ut, sem. Nulla interdum. Curabitur dictum. Phasellus in',8);
INSERT INTO reviews (review_id,review,service_id) VALUES (37,'eu tempor erat neque non quam. Pellentesque habitant morbi tristique',6);
INSERT INTO reviews (review_id,review,service_id) VALUES (38,'ornare, elit elit fermentum risus, at fringilla purus mauris a',8);
INSERT INTO reviews (review_id,review,service_id) VALUES (39,'nec urna et arcu imperdiet ullamcorper. Duis at lacus. Quisque',2);
INSERT INTO reviews (review_id,review,service_id) VALUES (40,'leo. Cras vehicula aliquet libero. Integer in magna. Phasellus dolor',1);
INSERT INTO reviews (review_id,review,service_id) VALUES (41,'dui, in sodales elit erat vitae risus. Duis a mi',1);
INSERT INTO reviews (review_id,review,service_id) VALUES (42,'eu, accumsan sed, facilisis vitae, orci. Phasellus dapibus quam quis',7);
INSERT INTO reviews (review_id,review,service_id) VALUES (43,'adipiscing elit. Curabitur sed tortor. Integer aliquam adipiscing lacus. Ut',5);
INSERT INTO reviews (review_id,review,service_id) VALUES (44,'rutrum lorem ac risus. Morbi metus. Vivamus euismod urna. Nullam',8);
INSERT INTO reviews (review_id,review,service_id) VALUES (45,'sed pede. Cum sociis natoque penatibus et magnis dis parturient',3);
INSERT INTO reviews (review_id,review,service_id) VALUES (46,'accumsan convallis, ante lectus convallis est, vitae sodales nisi magna',1);
INSERT INTO reviews (review_id,review,service_id) VALUES (47,'in felis. Nulla tempor augue ac ipsum. Phasellus vitae mauris',3);
INSERT INTO reviews (review_id,review,service_id) VALUES (48,'Phasellus in felis. Nulla tempor augue ac ipsum. Phasellus vitae',10);
INSERT INTO reviews (review_id,review,service_id) VALUES (49,'nec, euismod in, dolor. Fusce feugiat. Lorem ipsum dolor sit',9);
INSERT INTO reviews (review_id,review,service_id) VALUES (50,'ut dolor dapibus gravida. Aliquam tincidunt, nunc ac mattis ornare,',1);
INSERT INTO reviews (review_id,review,service_id) VALUES (51,'Nunc laoreet lectus quis massa. Mauris vestibulum, neque sed dictum',1);
INSERT INTO reviews (review_id,review,service_id) VALUES (52,'molestie. Sed id risus quis diam luctus lobortis. Class aptent',3);
INSERT INTO reviews (review_id,review,service_id) VALUES (53,'ac turpis egestas. Fusce aliquet magna a neque. Nullam ut',8);
INSERT INTO reviews (review_id,review,service_id) VALUES (54,'tristique ac, eleifend vitae, erat. Vivamus nisi. Mauris nulla. Integer',8);
INSERT INTO reviews (review_id,review,service_id) VALUES (55,'et malesuada fames ac turpis egestas. Aliquam fringilla cursus purus.',3);
INSERT INTO reviews (review_id,review,service_id) VALUES (56,'amet ornare lectus justo eu arcu. Morbi sit amet massa.',9);
INSERT INTO reviews (review_id,review,service_id) VALUES (57,'congue a, aliquet vel, vulputate eu, odio. Phasellus at augue',1);
INSERT INTO reviews (review_id,review,service_id) VALUES (58,'a odio semper cursus. Integer mollis. Integer tincidunt aliquam arcu.',5);
INSERT INTO reviews (review_id,review,service_id) VALUES (59,'erat, eget tincidunt dui augue eu tellus. Phasellus elit pede,',7);
INSERT INTO reviews (review_id,review,service_id) VALUES (60,'Duis dignissim tempor arcu. Vestibulum ut eros non enim commodo',8);
INSERT INTO reviews (review_id,review,service_id) VALUES (61,'et netus et malesuada fames ac turpis egestas. Fusce aliquet',3);
INSERT INTO reviews (review_id,review,service_id) VALUES (62,'ut quam vel sapien imperdiet ornare. In faucibus. Morbi vehicula.',3);
INSERT INTO reviews (review_id,review,service_id) VALUES (63,'dui nec urna suscipit nonummy. Fusce fermentum fermentum arcu. Vestibulum',5);
INSERT INTO reviews (review_id,review,service_id) VALUES (64,'ligula eu enim. Etiam imperdiet dictum magna. Ut tincidunt orci',6);
INSERT INTO reviews (review_id,review,service_id) VALUES (65,'tempor, est ac mattis semper, dui lectus rutrum urna, nec',6);
INSERT INTO reviews (review_id,review,service_id) VALUES (66,'penatibus et magnis dis parturient montes, nascetur ridiculus mus. Proin',3);
INSERT INTO reviews (review_id,review,service_id) VALUES (67,'vel arcu. Curabitur ut odio vel est tempor bibendum. Donec',9);
INSERT INTO reviews (review_id,review,service_id) VALUES (68,'ipsum dolor sit amet, consectetuer adipiscing elit. Etiam laoreet, libero',1);
INSERT INTO reviews (review_id,review,service_id) VALUES (69,'luctus. Curabitur egestas nunc sed libero. Proin sed turpis nec',2);
INSERT INTO reviews (review_id,review,service_id) VALUES (70,'sollicitudin adipiscing ligula. Aenean gravida nunc sed pede. Cum sociis',7);
INSERT INTO reviews (review_id,review,service_id) VALUES (71,'id risus quis diam luctus lobortis. Class aptent taciti sociosqu',6);
INSERT INTO reviews (review_id,review,service_id) VALUES (72,'Maecenas mi felis, adipiscing fringilla, porttitor vulputate, posuere vulputate, lacus.',4);
INSERT INTO reviews (review_id,review,service_id) VALUES (73,'lorem, auctor quis, tristique ac, eleifend vitae, erat. Vivamus nisi.',10);
INSERT INTO reviews (review_id,review,service_id) VALUES (74,'blandit at, nisi. Cum sociis natoque penatibus et magnis dis',7);
INSERT INTO reviews (review_id,review,service_id) VALUES (75,'ultrices sit amet, risus. Donec nibh enim, gravida sit amet,',7);
INSERT INTO reviews (review_id,review,service_id) VALUES (76,'Cras eu tellus eu augue porttitor interdum. Sed auctor odio',4);
INSERT INTO reviews (review_id,review,service_id) VALUES (77,'luctus et ultrices posuere cubilia Curae; Donec tincidunt. Donec vitae',9);
INSERT INTO reviews (review_id,review,service_id) VALUES (78,'nulla vulputate dui, nec tempus mauris erat eget ipsum. Suspendisse',1);
INSERT INTO reviews (review_id,review,service_id) VALUES (79,'at, nisi. Cum sociis natoque penatibus et magnis dis parturient',2);
INSERT INTO reviews (review_id,review,service_id) VALUES (80,'ac metus vitae velit egestas lacinia. Sed congue, elit sed',2);
INSERT INTO reviews (review_id,review,service_id) VALUES (81,'Aliquam fringilla cursus purus. Nullam scelerisque neque sed sem egestas',3);
INSERT INTO reviews (review_id,review,service_id) VALUES (82,'ligula. Nullam feugiat placerat velit. Quisque varius. Nam porttitor scelerisque',3);
INSERT INTO reviews (review_id,review,service_id) VALUES (83,'neque. Nullam nisl. Maecenas malesuada fringilla est. Mauris eu turpis.',1);
INSERT INTO reviews (review_id,review,service_id) VALUES (84,'nec metus facilisis lorem tristique aliquet. Phasellus fermentum convallis ligula.',3);
INSERT INTO reviews (review_id,review,service_id) VALUES (85,'dui quis accumsan convallis, ante lectus convallis est, vitae sodales',6);
INSERT INTO reviews (review_id,review,service_id) VALUES (86,'aliquet. Phasellus fermentum convallis ligula. Donec luctus aliquet odio. Etiam',4);
INSERT INTO reviews (review_id,review,service_id) VALUES (87,'lacinia. Sed congue, elit sed consequat auctor, nunc nulla vulputate',6);
INSERT INTO reviews (review_id,review,service_id) VALUES (88,'sollicitudin commodo ipsum. Suspendisse non leo. Vivamus nibh dolor, nonummy',5);
INSERT INTO reviews (review_id,review,service_id) VALUES (89,'et nunc. Quisque ornare tortor at risus. Nunc ac sem',9);
INSERT INTO reviews (review_id,review,service_id) VALUES (90,'ante, iaculis nec, eleifend non, dapibus rutrum, justo. Praesent luctus.',7);
INSERT INTO reviews (review_id,review,service_id) VALUES (91,'malesuada fames ac turpis egestas. Aliquam fringilla cursus purus. Nullam',4);
INSERT INTO reviews (review_id,review,service_id) VALUES (92,'facilisi. Sed neque. Sed eget lacus. Mauris non dui nec',8);
INSERT INTO reviews (review_id,review,service_id) VALUES (93,'Pellentesque habitant morbi tristique senectus et netus et malesuada fames',8);
INSERT INTO reviews (review_id,review,service_id) VALUES (94,'risus. In mi pede, nonummy ut, molestie in, tempus eu,',8);
INSERT INTO reviews (review_id,review,service_id) VALUES (95,'molestie pharetra nibh. Aliquam ornare, libero at auctor ullamcorper, nisl',5);
INSERT INTO reviews (review_id,review,service_id) VALUES (96,'a felis ullamcorper viverra. Maecenas iaculis aliquet diam. Sed diam',9);
INSERT INTO reviews (review_id,review,service_id) VALUES (97,'Donec porttitor tellus non magna. Nam ligula elit, pretium et,',8);
INSERT INTO reviews (review_id,review,service_id) VALUES (98,'arcu. Morbi sit amet massa. Quisque porttitor eros nec tellus.',8);
INSERT INTO reviews (review_id,review,service_id) VALUES (99,'lacinia orci, consectetuer euismod est arcu ac orci. Ut semper',7);
INSERT INTO reviews (review_id,review,service_id) VALUES (100,'faucibus ut, nulla. Cras eu tellus eu augue porttitor interdum.',2);
